"","cohort","day","id","side","behav","times","Duration_sf"
"1",36,9,"M8","left","Eat",8,"5.13328"
"2",36,9,"M4","left","Eat",31,"58.9881"
"3",36,9,"M7","left","Drink",48,"7.76659"
"4",36,9,"M4","left","Eat",92,"2.13331"
"5",36,9,"M8","left","Eat",111,"7.76659"
"6",36,9,"M7","left","Drink",119,"7.36659,4.23329"
"7",36,9,"M6","left","Drink",140,"4.49995"
"8",36,9,"M4","left","Eat",210,"4.39996"
"9",36,9,"M3","left","Drink",384,"10.16"
"10",36,9,"M8","left","Drink",463,"3.9"
"11",36,9,"M2","left","Eat",501,"60"
"12",36,9,"M8","left","Eat",514,"24.66"
"13",36,9,"M8","left","Drink",522,"9.28"
"14",36,9,"M8","left","Eat",555,"54.18"
"15",36,9,"M3","left","Eat",607,"60"
"16",36,9,"M11","left","Eat",620,"7.7"
"17",36,9,"M9","left","Drink",761,"9.04,1.08"
"18",36,9,"M11","left","Drink",853,"11.16"
"19",36,9,"M8","right","Drink",35,"3.24"
"20",36,9,"M8","right","Eat",94,"2.08"
"21",36,9,"M8","right","Drink",110,"1.2"
"22",36,9,"M12","right","Eat",128,"2.76"
"23",36,9,"M8","right","Drink",152,"0.72"
"24",36,9,"M8","right","Drink",236,"11.8"
"25",36,9,"M8","right","Eat",242,"53.4"
"26",36,9,"M9","right","Drink",245,"2.32"
"27",36,9,"M8","right","Eat",306,"60"
"28",36,9,"M8","right","Drink",313,"9.4"
"29",36,9,"M9","right","Eat",320,"35.92"
"30",36,9,"M8","right","Drink",437,"9.68"
"31",36,9,"M10","right","Drink",540,"5.92"
"32",36,9,"M12","right","Drink",610,"5.36"
"33",36,9,"M12","right","Drink",615,"14.16"
"34",36,9,"M8","right","Eat",628,"21.24"
"35",36,9,"M8","right","Drink",708,"8.64"
"36",36,9,"M8","right","Eat",724,"4.64"
"37",36,9,"M9","right","Eat",742,"60"
"38",36,9,"M8","right","Eat",812,"45.28"
"39",36,9,"M8","right","Drink",814,"8.68"
"40",36,9,"M3","right","Eat",915,"60"
"41",37,6,"M2","left","Eat",130,"25.62"
"42",37,6,"M8","left","Eat",135,"7.04"
"43",37,6,"M8","left","Eat",153,"28.78"
"44",37,6,"M2","left","Drink",177,"2.02"
"45",37,6,"M2","left","Eat",178,"59.94"
"46",37,6,"M2","left","Drink",187,"3.66"
"47",37,6,"M2","left","Eat",251,"10.02"
"48",37,6,"M12","left","Drink",268,"4.32"
"49",37,6,"M7","left","Eat",308,"11.8"
"50",37,6,"M2","left","Drink",468,"10.24"
"51",37,6,"M2","left","Eat",547,"0.44"
"52",37,6,"M2","left","Drink",614,"1.26"
"53",37,6,"M2","left","Eat",617,"50.08"
"54",37,6,"M2","left","Eat",624,"3.64"
"55",37,6,"M2","left","Drink",633,"3.18"
"56",37,6,"M2","left","Drink",654,"9.8"
"57",37,6,"M7","left","Drink",871,"16.84"
"58",37,6,"M1","left","Drink",898,"3.12"
"59",37,6,"M5","left","Drink",1157,"5.2"
"60",37,6,"M10","left","Eat",1286,"10.3,11.3,6.72"
"61",37,6,"M10","left","Drink",1289,"7.42"
"62",37,6,"M3","right","Drink",21,"7.4"
"63",37,6,"M10","right","Eat",24,"6.04,7.88"
"64",37,6,"M2","right","Eat",53,"2.76"
"65",37,6,"M2","right","Drink",86,"3.2"
"66",37,6,"M7","right","Drink",148,"11.6"
"67",37,6,"M2","right","Drink",295,"5.2"
"68",37,6,"M4","right","Drink",357,"7.34"
"69",37,6,"M2","right","Eat",381,"60"
"70",37,6,"M12","right","Eat",450,"2.96,11.08"
"71",37,6,"M4","right","Drink",461,"1.7"
"72",37,6,"M2","right","Eat",843,"60"
"73",37,6,"M11","right","Eat",857,"60"
"74",37,6,"M1","right","Eat",885,"60"
"75",37,6,"M10","right","Eat",887,"5.48,6.2,19.44"
"76",37,6,"M5","right","Drink",902,"4.4"
"77",37,6,"M2","right","Drink",922,"9.8"
"78",37,6,"M9","right","Eat",994,"4.48,0.68"
"79",37,6,"M2","right","Drink",1249,"7.6"
"80",37,6,"M2","right","Eat",1257,"8.64"
"81",38,17,"M1","left","Drink",61,"6.62"
"82",38,17,"M1","left","Drink",86,"2.4"
"83",38,17,"M5","left","Eat",138,"24.18"
"84",38,17,"M7","left","Drink",164,"9.96"
"85",38,17,"M1","left","Eat",228,"2.7"
"86",38,17,"M6","left","Drink",318,"3.66"
"87",38,17,"M10","left","Eat",422,"17.88"
"88",38,17,"M5","left","Drink",498,"10.56"
"89",38,17,"M5","left","Eat",680,"14.54,2.3"
"90",38,17,"M5","left","Drink",693,"4.74"
"91",38,17,"M11","left","Eat",764,"4.42"
"92",38,17,"M11","left","Drink",770,"7.98"
"93",38,17,"M8","left","Eat",777,"2.96,1.72"
"94",38,17,"M8","left","Drink",780,"2.34"
"95",38,17,"M11","left","Eat",1035,"4.82"
"96",38,17,"M1","left","Eat",1079,"15.08"
"97",38,17,"M12","left","Drink",1253,"7.72"
"98",38,17,"M11","left","Eat",1304,"50.16"
"99",38,17,"M1","left","Drink",1344,"2.74,4.7"
"100",38,17,"M1","right","Drink",9,"9.8"
"101",38,17,"M1","right","Eat",13,"32.64"
"102",38,17,"M4","right","Eat",14,"19.12,3.24"
"103",38,17,"M4","right","Drink",24,"6.8"
"104",38,17,"M1","right","Eat",62,"18.24,7.64"
"105",38,17,"M1","right","Eat",92,"1"
"106",38,17,"M3","right","Eat",123,"25.52"
"107",38,17,"M4","right","Drink",132,"1.32"
"108",38,17,"M1","right","Drink",205,"1.88"
"109",38,17,"M1","right","Eat",228,"9.44,13.6"
"110",38,17,"M4","right","Eat",251,"23.8"
"111",38,17,"M1","right","Drink",327,"10.2,2.4"
"112",38,17,"M1","right","Eat",329,"19.6"
"113",38,17,"M1","right","Drink",487,"2.2"
"114",38,17,"M1","right","Eat",488,"5.32"
"115",38,17,"M1","right","Eat",639,"60"
"116",38,17,"M1","right","Drink",640,"11.6,5.8,2.52,5.12"
"117",38,17,"M1","right","Eat",655,"19.68"
"118",38,17,"M1","right","Drink",693,"11.92"
"119",38,17,"M1","right","Drink",871,"6.84"
"120",38,17,"M4","right","Drink",981,"1.64"
"121",38,17,"M11","right","Eat",1035,"4.68"
"122",38,17,"M11","right","Eat",1304,"15"
"123",38,17,"M1","right","Eat",1352,"16.52"
"124",39,22,"M12","left","Eat",9,"11.28"
"125",39,22,"M4","left","Eat",18,"59.18"
"126",39,22,"M2","left","Drink",26,"0.26,5,24"
"127",39,22,"M9","left","Eat",86,"29.14"
"128",39,22,"M10","left","Drink",135,"2.78"
"129",39,22,"M12","left","Eat",137,"34.58"
"130",39,22,"M12","left","Eat",199,"37.22"
"131",39,22,"M2","left","Eat",206,"60"
"132",39,22,"M3","left","Drink",229,"0.64,10.8"
"133",39,22,"M12","left","Drink",289,"9.12"
"134",39,22,"M10","left","Eat",342,"60"
"135",39,22,"M12","left","Drink",384,"2.78,0.36"
"136",39,22,"M12","left","Eat",496,"7.78,36.6"
"137",39,22,"M10","left","Drink",684,"2.9"
"138",39,22,"M4","left","Drink",692,"12.1"
"139",39,22,"M7","left","Eat",697,"20.38"
"140",39,22,"M8","left","Eat",701,"22.26"
"141",39,22,"M12","left","Eat",773,"44.94"
"142",39,22,"M5","left","Eat",1227,"60"
"143",39,22,"M12","left","Eat",1241,"45.92"
"144",39,22,"M12","right","Drink",8,"13.88"
"145",39,22,"M12","right","Eat",84,"42.96"
"146",39,22,"M9","right","Drink",104,"4.12"
"147",39,22,"M12","right","Drink",123,"10.28"
"148",39,22,"M8","right","Eat",125,"7"
"149",39,22,"M12","right","Drink",150,"5.24"
"150",39,22,"M12","right","Eat",341,"6.16,3.16"
"151",39,22,"M4","right","Drink",355,"3.36"
"152",39,22,"M6","right","Drink",560,"2.24"
"153",39,22,"M4","right","Eat",561,"14.36"
"154",39,22,"M12","right","Drink",573,"9.08"
"155",39,22,"M12","right","Eat",594,"26.76"
"156",39,22,"M12","right","Eat",651,"29.88"
"157",39,22,"M12","right","Drink",657,"13.72"
"158",39,22,"M12","right","Drink",685,"4.48"
"159",39,22,"M8","right","Eat",701,"9.24"
"160",39,22,"M9","right","Drink",819,"7.72"
"161",39,22,"M3","right","Eat",860,"29.56"
"162",39,22,"M12","right","Drink",867,"11.76"
"163",39,22,"M8","right","Drink",1188,"2.48"
"164",39,22,"M12","right","Drink",1323,"6.72"
"165",44,8,"M8","left","Drink",37,"10.44,0.96"
"166",44,8,"M8","left","Eat",53,"25.72"
"167",44,8,"M6","left","Drink",104,"4.28"
"168",44,8,"M8","left","Drink",113,"13"
"169",44,8,"M8","left","Eat",134,"60"
"170",44,8,"M5","left","Drink",214,"6.96"
"171",44,8,"M8","left","Drink",282,"17.4"
"172",44,8,"M8","left","Eat",333,"1"
"173",44,8,"M6","left","Eat",423,"60"
"174",44,8,"M6","left","Drink",435,"5.64"
"175",44,8,"M8","left","Eat",454,"30.04,10.6"
"176",44,8,"M7","left","Eat",468,"3.4,17.64"
"177",44,8,"M8","left","Eat",480,"31.64"
"178",44,8,"M8","left","Drink",483,"19.08"
"179",44,8,"M5","left","Drink",571,"11.52"
"180",44,8,"M12","left","Eat",633,"6"
"181",44,8,"M8","left","Eat",660,"60"
"182",44,8,"M8","left","Drink",661,"11.76"
"183",44,8,"M8","left","Drink",704,"13.04"
"184",44,8,"M8","left","Eat",762,"59.28"
"185",44,8,"M8","left","Drink",853,"2"
"186",44,8,"M8","left","Eat",1350,"22.04"
"187",44,8,"M6","right","Eat",62,"60"
"188",44,8,"M1","right","Eat",178,"46.78"
"189",44,8,"M8","right","Drink",317,"3.14"
"190",44,8,"M10","right","Eat",398,"2.84"
"191",44,8,"M1","right","Eat",426,"60"
"192",44,8,"M8","right","Eat",448,"9.34"
"193",44,8,"M8","right","Eat",454,"6.78"
"194",44,8,"M11","right","Drink",456,"12.4"
"195",44,8,"M6","right","Drink",457,"2.42,7.48"
"196",44,8,"M7","right","Eat",468,"55.92"
"197",44,8,"M3","right","Drink",658,"5.18"
"198",44,8,"M2","right","Eat",681,"10"
"199",44,8,"M8","right","Eat",683,"36.08"
"200",44,8,"M5","right","Drink",726,"3.72"
"201",44,8,"M5","right","Eat",766,"54.9192"
"202",44,8,"M1","right","Drink",801,"7.148"
"203",44,8,"M6","right","Eat",1322,"29.9"
"204",44,8,"M6","right","Drink",1337,"3.46"
"205",44,8,"M8","right","Drink",1360,"6.46"
"206",44,8,"M8","right","Drink",1361,"7.3"
"207",45,14,"M9","left","Drink",31,"6.23327"
"208",45,14,"M2","left","Eat",37,"11.2999"
"209",45,14,"M3","left","Eat",46,"18.5998"
"210",45,14,"M3","left","Eat",48,"11.3078"
"211",45,14,"M9","left","Eat",187,"9.27604"
"212",45,14,"M7","left","Drink",216,"5.36661"
"213",45,14,"M4","left","Eat",246,"3.85569"
"214",45,14,"M3","left","Eat",276,"1.46665"
"215",45,14,"M3","left","Drink",284,"1.98,2.04"
"216",45,14,"M3","left","Eat",286,"1.26"
"217",45,14,"M8","left","Drink",340,"10.88"
"218",45,14,"M3","left","Eat",340,"22.52"
"219",45,14,"M5","left","Drink",1262,"8.48"
"220",45,14,"M9","right","Eat",29,"2.44"
"221",45,14,"M11","right","Drink",37,"6.32"
"222",45,14,"M3","right","Drink",41,"15.72"
"223",45,14,"M3","right","Drink",42,"0.32"
"224",45,14,"M10","right","Drink",173,"15.32"
"225",45,14,"M4","right","Drink",195,"6.64"
"226",45,14,"M6","right","Eat",202,"4.2"
"227",45,14,"M3","right","Drink",278,"4.64"
"228",45,14,"M3","right","Drink",284,"0.72"
"229",45,14,"M3","right","Drink",315,"4.12"
"230",45,14,"M3","right","Drink",349,"5.56"
"231",45,14,"M6","right","Eat",378,"23,7.72,3.36"
"232",45,14,"M3","right","Eat",443,"3.48"
"233",45,14,"M3","right","Drink",771,"3.84"
"234",45,14,"M3","right","Drink",772,"0.28"
"235",45,14,"M4","right","Drink",807,"4.04"
"236",45,14,"M3","right","Eat",812,"23.28"
"237",45,14,"M3","right","Eat",823,"60"
"238",45,14,"M4","right","Drink",837,"4.08"
"239",45,14,"M11","right","Eat",854,"3.6,3.28"
"240",45,14,"M4","right","Eat",878,"22"
"241",45,14,"M3","right","Eat",1262,"60"
"242",45,14,"M3","right","Drink",1263,"4.6,2.16,1.04"
"243",45,14,"M11","right","Eat",1287,"39.2"
"244",45,14,"M9","right","Drink",1361,"1.92"
"245",45,14,"M4","right","Eat",1372,"9.48"
"246",45,14,"M3","right","Drink",1410,"4.48"
"247",45,14,"M3","right","Eat",1410,"8.08,17.8"
"248",46,20,"M3","left","Drink",160,"3"
"249",46,20,"M3","left","Eat",171,"36.22"
"250",46,20,"M3","left","Drink",270,"5.42"
"251",46,20,"M10","left","Drink",277,"1.32,2.4,4.48"
"252",46,20,"M10","left","Eat",316,"19.26,4.86"
"253",46,20,"M3","left","Eat",317,"27.26,5.62"
"254",46,20,"M10","left","Drink",541,"8"
"255",46,20,"M10","left","Eat",677,"16.94"
"256",46,20,"M2","left","Eat",816,"54.46"
"257",46,20,"M5","left","Eat",830,"47.26"
"258",46,20,"M10","left","Eat",852,"37.08"
"259",46,20,"M10","left","Eat",1249,"2.28"
"260",46,20,"M10","right","Drink",69,"3.56"
"261",46,20,"M9","right","Drink",89,"7.04"
"262",46,20,"M3","right","Eat",96,"13.92"
"263",46,20,"M10","right","Eat",114,"18.48"
"264",46,20,"M10","right","Drink",121,"2.88"
"265",46,20,"M9","right","Drink",127,"1.56"
"266",46,20,"M9","right","Eat",133,"60"
"267",46,20,"M10","right","Drink",163,"5.56"
"268",46,20,"M10","right","Eat",165,"20.72"
"269",46,20,"M10","right","Drink",199,"6.08"
"270",46,20,"M10","right","Eat",203,"3.48"
"271",46,20,"M8","right","Drink",205,"5.44,16"
"272",46,20,"M6","right","Eat",213,"60"
"273",46,20,"M10","right","Eat",229,"1.2,4.8"
"274",46,20,"M3","right","Drink",270,"7,0.68"
"275",46,20,"M10","right","Drink",551,"3.16"
"276",46,20,"M10","right","Eat",716,"12.48,1.56"
"277",46,20,"M12","right","Drink",724,"4.2,3.28"
"278",46,20,"M10","right","Drink",743,"6.68"
"279",46,20,"M10","right","Drink",744,"10.56"
"280",46,20,"M3","right","Drink",753,"2.96"
"281",46,20,"M10","right","Eat",826,"10.2"
"282",46,20,"M7","right","Drink",887,"11.64"
"283",46,20,"M8","right","Eat",942,"11.36"
"284",46,20,"M2","right","Drink",963,"5.28"
"285",46,20,"M10","right","Drink",994,"7.52"
"286",46,20,"M6","right","Eat",1060,"8.08"
"287",46,20,"M2","right","Drink",1201,"13.36"
"288",46,20,"M3","right","Eat",1266,"1.4"
"289",69,1,"M3","left","Eat",48,"19.36"
"290",69,1,"M1","left","Eat",51,"6.12"
"291",69,1,"M3","left","Drink",58,"0.84"
"292",69,1,"M10","left","Eat",61,"0.68"
"293",69,1,"M2","left","Eat",76,"1.4,20.48"
"294",69,1,"M10","left","Eat",97,"1.6,6.72"
"295",69,1,"M8","left","Eat",100,"8.24"
"296",69,1,"M1","left","Drink",103,"10.44"
"297",69,1,"M10","left","Eat",116,"2.08"
"298",69,1,"M4","left","Drink",117,"3.64"
"299",69,1,"M10","left","Drink",119,"8.8"
"300",69,1,"M1","left","Drink",119,"0.4"
"301",69,1,"M10","left","Eat",231,"1.64"
"302",69,1,"M10","left","Drink",263,"5.8"
"303",69,1,"M5","left","Eat",263,"22.04"
"304",69,1,"M10","left","Drink",389,"3.76"
"305",69,1,"M12","left","Eat",450,"28.96"
"306",69,1,"M6","left","Drink",476,"9.6"
"307",69,1,"M10","left","Drink",702,"1.76,4.8"
"308",69,1,"M10","left","Drink",1008,"1.72"
"309",69,1,"M10","left","Drink",1224,"6.16,0.64"
"310",69,1,"M6","left","Eat",1390,"19.48,23.36"
"311",69,1,"M1","right","Drink",52,"0.5"
"312",69,1,"M10","right","Eat",63,"15.04"
"313",69,1,"M10","right","Drink",70,"1.42"
"314",69,1,"M2","right","Eat",80,"1.18"
"315",69,1,"M10","right","Eat",84,"1.6"
"316",69,1,"M10","right","Drink",85,"0.46"
"317",69,1,"M10","right","Eat",85,"2.6"
"318",69,1,"M12","right","Drink",98,"2.52"
"319",69,1,"M9","right","Eat",99,"13.62"
"320",69,1,"M10","right","Eat",116,"49.16,6.16"
"321",69,1,"M4","right","Eat",177,"3.46"
"322",69,1,"M12","right","Drink",208,"10.08,1.06"
"323",69,1,"M1","right","Drink",271,"1.36"
"324",69,1,"M10","right","Eat",364,"9.02"
"325",69,1,"M10","right","Eat",553,"0.32,3.48"
"326",69,1,"M4","right","Drink",697,"5.76"
"327",69,1,"M10","right","Drink",794,"8.86,0.94"
"328",69,1,"M10","right","Eat",1010,"41.34"
"329",69,1,"M10","right","Drink",1344,"2.7"
"330",69,1,"M10","right","Eat",1399,"11.08"
"331",69,1,"M10","right","Drink",1404,"9.3"
"332",69,1,"M3","right","Eat",1409,"57"
"333",80,1,"M5","left","Eat",13,"0.32"
"334",80,1,"M5","left","Drink",35,"0.96"
"335",80,1,"M12","left","Drink",137,"3.88"
"336",80,1,"M4","left","Eat",146,"3.28"
"337",80,1,"M8","left","Drink",249,"3.8"
"338",80,1,"M5","left","Eat",346,"1.44"
"339",80,1,"M7","left","Drink",372,"2.2,0.72,3.64"
"340",80,1,"M3","left","Eat",533,"12.52"
"341",80,1,"M10","left","Drink",543,"1.24"
"342",80,1,"M5","left","Eat",565,"40.04"
"343",80,1,"M3","left","Eat",608,"1.04"
"344",80,1,"M5","left","Eat",611,"0.08"
"345",80,1,"M5","left","Eat",618,"1.84"
"346",80,1,"M3","left","Eat",621,"14.56"
"347",80,1,"M5","left","Drink",705,"15.76"
"348",80,1,"M5","left","Eat",751,"0.52"
"349",80,1,"M5","left","Drink",820,"4.44"
"350",80,1,"M5","left","Eat",873,"0.08"
"351",80,1,"M2","right","Eat",33,"0.16"
"352",80,1,"M2","right","Drink",43,"0.2"
"353",80,1,"M5","right","Eat",111,"2.86,4.04"
"354",80,1,"M12","right","Eat",114,"0.58"
"355",80,1,"M5","right","Eat",143,"4.92"
"356",80,1,"M5","right","Drink",157,"1.72"
"357",80,1,"M2","right","Drink",163,"0.36,4.04"
"358",80,1,"M5","right","Drink",200,"2.76"
"359",80,1,"M5","right","Eat",225,"1.92,10.72"
"360",80,1,"M6","right","Eat",228,"2.56"
"361",80,1,"M5","right","Drink",271,"6.14"
"362",80,1,"M12","right","Eat",332,"1.92"
"363",80,1,"M5","right","Drink",380,"9.2,1.3"
"364",80,1,"M5","right","Drink",573,"0.42,2.38"
"365",80,1,"M5","right","Eat",618,"2.1"
"366",80,1,"M3","right","Drink",638,"5.56"
"367",80,1,"M5","right","Drink",662,"1.92"
"368",80,1,"M10","right","Drink",664,"0.16,4.24,0.82"
"369",80,1,"M9","right","Drink",800,"5.58"
"370",80,1,"M6","right","Eat",806,"2.92"
"371",80,1,"M2","right","Drink",940,"11.28"
"372",80,1,"M9","right","Eat",1107,"0.18"
"373",80,1,"M5","right","Drink",1226,"0.14"
"374",81,7,"M3","left","Drink",15,"4.88"
"375",81,7,"M3","left","Eat",15,"5.66"
"376",81,7,"M2","left","Eat",25,"51.22"
"377",81,7,"M3","left","Drink",79,"0.78"
"378",81,7,"M3","left","Drink",94,"1.74"
"379",81,7,"M3","left","Eat",116,"4.4"
"380",81,7,"M6","left","Drink",123,"8.44"
"381",81,7,"M3","left","Eat",141,"7.42"
"382",81,7,"M12","left","Eat",231,"25.9,6.6"
"383",81,7,"M3","left","Drink",257,"4.5"
"384",81,7,"M1","left","Drink",343,"1.38"
"385",81,7,"M3","left","Eat",353,"4.92"
"386",81,7,"M3","left","Drink",538,"1.7"
"387",81,7,"M3","left","Drink",643,"8.9"
"388",81,7,"M6","left","Drink",653,"4.16"
"389",81,7,"M3","left","Eat",724,"3.76"
"390",81,7,"M6","left","Eat",739,"60"
"391",81,7,"M6","left","Drink",821,"9.06"
"392",81,7,"M6","left","Drink",827,"8.46"
"393",81,7,"M3","left","Drink",875,"4.22"
"394",81,7,"M3","left","Drink",1167,"2.14"
"395",81,7,"M3","right","Drink",15,"1.96"
"396",81,7,"M3","right","Eat",15,"1.72"
"397",81,7,"M2","right","Drink",23,"6.44"
"398",81,7,"M11","right","Drink",95,"1.96,1"
"399",81,7,"M11","right","Eat",96,"30.48"
"400",81,7,"M3","right","Eat",116,"19.96"
"401",81,7,"M10","right","Eat",133,"0.36"
"402",81,7,"M3","right","Drink",172,"3.28"
"403",81,7,"M3","right","Eat",220,"21.48"
"404",81,7,"M5","right","Drink",222,"13"
"405",81,7,"M3","right","Eat",353,"4.96"
"406",81,7,"M10","right","Eat",369,"26.44,14.12"
"407",81,7,"M3","right","Eat",631,"30.04"
"408",81,7,"M3","right","Drink",633,"3.32"
"409",81,7,"M3","right","Eat",727,"18"
"410",81,7,"M4","right","Eat",853,"45.88,12.28"
"411",81,7,"M4","right","Eat",860,"38.56,7.92"
"412",81,7,"M3","right","Eat",868,"6.64"
"413",81,7,"M11","right","Drink",1025,"54.92"
"414",81,7,"M11","right","Eat",1025,"3.88"
"415",81,7,"M7","right","Eat",1243,"18.6"
"416",81,7,"M3","right","Eat",1252,"34.32"
"417",81,7,"M6","right","Drink",1264,"8.56,2.2"
"418",83,1,"M1","left","Drink",23,"3.04"
"419",83,1,"M12","left","Drink",156,"0.16"
"420",83,1,"M9","left","Drink",275,"2.72"
"421",83,1,"M1","left","Drink",351,"11.84"
"422",83,1,"M4","left","Eat",357,"56.56"
"423",83,1,"M5","left","Drink",371,"2.4"
"424",83,1,"M1","left","Drink",511,"7"
"425",83,1,"M1","left","Eat",766,"9.2"
"426",83,1,"M7","left","Eat",787,"37.24"
"427",83,1,"M4","left","Drink",792,"2.72"
"428",83,1,"M1","left","Drink",920,"18.44"
"429",83,1,"M9","left","Drink",1214,"11.12"
"430",83,1,"M2","left","Eat",1264,"2.08,8.76,12.56"
"431",83,1,"M1","left","Drink",1298,"11.6"
"432",83,1,"M1","left","Drink",1392,"5.64"
"433",83,1,"M1","right","Eat",35,"2.34"
"434",83,1,"M1","right","Drink",44,"1.46"
"435",83,1,"M1","right","Eat",123,"18.94"
"436",83,1,"M8","right","Eat",313,"12.98,1.22,4.48,4.42"
"437",83,1,"M12","right","Eat",321,"23.84"
"438",83,1,"M1","right","Drink",347,"0.5"
"439",83,1,"M6","right","Eat",350,"42.26"
"440",83,1,"M1","right","Eat",352,"26.58"
"441",83,1,"M6","right","Drink",353,"0.72"
"442",83,1,"M10","right","Eat",359,"6.18,2.46,41.18"
"443",83,1,"M1","right","Eat",360,"22.4"
"444",83,1,"M1","right","Drink",386,"12.96"
"445",83,1,"M1","right","Eat",418,"44.3"
"446",83,1,"M1","right","Eat",426,"45.62"
"447",83,1,"M5","right","Drink",436,"0.96"
"448",83,1,"M12","right","Eat",457,"42.2"
"449",83,1,"M1","right","Drink",486,"14.96"
"450",83,1,"M1","right","Drink",493,"5.76"
"451",83,1,"M5","right","Drink",527,"8.2"
"452",83,1,"M1","right","Eat",543,"8.44,41.8"
"453",83,1,"M10","right","Eat",557,"25.48,9.86"
"454",83,1,"M1","right","Drink",611,"19.22"
"455",83,1,"M1","right","Eat",619,"13.06"
"456",83,1,"M5","right","Eat",732,"3.52"
"457",83,1,"M1","right","Eat",812,"46.48"
"458",83,12,"M1","left","Drink",4,"9.24"
"459",83,12,"M6","left","Drink",14,"18.28"
"460",83,12,"M11","left","Eat",19,"30.6"
"461",83,12,"M8","left","Drink",109,"0.32"
"462",83,12,"M5","left","Eat",110,"1.08"
"463",83,12,"M9","left","Eat",132,"0.88,4.44,13.24"
"464",83,12,"M1","left","Eat",158,"1.56"
"465",83,12,"M1","left","Drink",214,"1.52"
"466",83,12,"M1","left","Eat",244,"34.4"
"467",83,12,"M12","left","Eat",249,"3.36"
"468",83,12,"M6","left","Drink",251,"0.36"
"469",83,12,"M1","left","Eat",363,"2.32"
"470",83,12,"M9","left","Drink",368,"0.48"
"471",83,12,"M7","left","Eat",373,"2.12"
"472",83,12,"M1","left","Drink",617,"9.44"
"473",83,12,"M1","left","Eat",624,"2.16"
"474",83,12,"M7","left","Eat",678,"19.36"
"475",83,12,"M10","left","Drink",737,"4.84"
"476",83,12,"M1","left","Drink",739,"0.96"
"477",83,12,"M1","left","Eat",739,"3.52"
"478",83,12,"M8","left","Eat",740,"15.76,3.56,23.12"
"479",83,12,"M8","left","Drink",741,"3.48"
"480",83,12,"M1","left","Eat",742,"60"
"481",83,12,"M4","left","Eat",747,"60"
"482",83,12,"M2","left","Eat",877,"10.04"
"483",83,12,"M1","left","Eat",949,"28.88"
"484",83,12,"M1","left","Drink",953,"2,7.64"
"485",83,12,"M1","left","Drink",1182,"20.6"
"486",83,12,"M8","left","Drink",1294,"8.76"
"487",83,12,"M1","left","Eat",1309,"30.12"
"488",83,12,"M5","left","Eat",1330,"29.52,9.08"
"489",83,12,"M1","right","Eat",9,"4.82"
"490",83,12,"M1","right","Eat",125,"58.44"
"491",83,12,"M7","right","Drink",138,"9.46"
"492",83,12,"M1","right","Drink",202,"14.12"
"493",83,12,"M1","right","Drink",345,"8.64"
"494",83,12,"M1","right","Drink",392,"2.08,3.8"
"495",83,12,"M5","right","Drink",669,"4.16"
"496",83,12,"M1","right","Drink",732,"6.34"
"497",83,12,"M10","right","Drink",737,"11.02"
"498",83,12,"M1","right","Eat",739,"1"
"499",83,12,"M3","right","Drink",836,"7.4"
"500",85,8,"M11","left","Eat",47,"27.04,7.24"
"501",85,8,"M3","left","Drink",59,"1.96"
"502",85,8,"M1","left","Eat",149,"8.24"
"503",85,8,"M9","left","Drink",179,"5.2"
"504",85,8,"M2","left","Eat",297,"46.36"
"505",85,8,"M1","left","Eat",329,"22,32.32"
"506",85,8,"M9","left","Eat",364,"60"
"507",85,8,"M1","left","Drink",502,"8.44"
"508",85,8,"M7","left","Eat",540,"49.8"
"509",85,8,"M1","left","Eat",556,"60"
"510",85,8,"M1","left","Eat",559,"60"
"511",85,8,"M1","left","Drink",696,"3.32,3.88"
"512",85,8,"M10","left","Drink",708,"15.68,2.88"
"513",85,8,"M4","left","Eat",730,"37.76,10.72"
"514",85,8,"M6","left","Eat",736,"60"
"515",85,8,"M1","left","Eat",803,"60"
"516",85,8,"M11","left","Eat",886,"60"
"517",85,8,"M1","left","Eat",1167,"60"
"518",85,8,"M2","left","Eat",1205,"28"
"519",85,8,"M1","right","Eat",25,"2.08"
"520",85,8,"M1","right","Drink",31,"6.68"
"521",85,8,"M1","right","Drink",129,"8.52"
"522",85,8,"M1","right","Eat",149,"2.24,1.84"
"523",85,8,"M1","right","Drink",168,"1"
"524",85,8,"M1","right","Eat",175,"0.84"
"525",85,8,"M12","right","Eat",175,"1.64"
"526",85,8,"M4","right","Eat",208,"23.68"
"527",85,8,"M5","right","Drink",211,"3.04"
"528",85,8,"M1","right","Drink",219,"3.72"
"529",85,8,"M1","right","Eat",245,"19.4"
"530",85,8,"M12","right","Drink",282,"8.64"
"531",85,8,"M1","right","Drink",308,"1.48"
"532",85,8,"M9","right","Drink",355,"4.08"
"533",85,8,"M1","right","Drink",466,"3.12"
"534",85,8,"M1","right","Drink",490,"2.2"
"535",85,8,"M1","right","Eat",511,"0.76"
"536",85,8,"M8","right","Drink",542,"9.44"
"537",85,8,"M1","right","Drink",696,"7.4"
"538",85,8,"M6","right","Drink",727,"3.56"
"539",85,8,"M5","right","Drink",871,"4.96"
"540",85,8,"M1","right","Drink",1072,"11.04"
"541",85,8,"M4","right","Drink",1198,"9.48,4.36"
"542",85,8,"M2","right","Eat",1205,"38.56"
"543",86,1,"M5","left","Drink",51,"6.23944"
"544",86,1,"M2","left","Eat",115,"2.20216"
"545",86,1,"M11","left","Eat",120,"3.26987"
"546",86,1,"M2","left","Drink",159,"1.63493"
"547",86,1,"M12","left","Drink",176,"9.00882"
"548",86,1,"M5","left","Drink",290,"1.7684"
"549",86,1,"M2","left","Drink",479,"15.2149"
"550",86,1,"M2","left","Drink",569,"3.10304"
"551",86,1,"M2","left","Drink",742,"5.2051"
"552",86,1,"M2","left","Eat",763,"5.57212"
"553",86,1,"M2","left","Drink",785,"7.37389"
"554",86,1,"M2","left","Drink",807,"7.23673"
"555",86,1,"M2","left","Eat",837,"35.5348"
"556",86,1,"M2","left","Drink",961,"3.20314"
"557",86,1,"M2","left","Eat",1199,"59.9921"
"558",86,1,"M2","left","Eat",1244,"9.00882"
"559",86,1,"M5","right","Eat",38,"7.24"
"560",86,1,"M3","right","Eat",167,"4.52,10.72"
"561",86,1,"M9","right","Drink",212,"2.16"
"562",86,1,"M3","right","Eat",253,"15"
"563",86,1,"M2","right","Eat",256,"5.76"
"564",86,1,"M2","right","Drink",291,"2.6"
"565",86,1,"M2","right","Eat",306,"8.16"
"566",86,1,"M2","right","Drink",319,"4.44"
"567",86,1,"M1","right","Eat",367,"26.4"
"568",86,1,"M3","right","Drink",371,"14.8"
"569",86,1,"M2","right","Eat",457,"16.4"
"570",86,1,"M2","right","Drink",479,"2.64"
"571",86,1,"M4","right","Drink",544,"6.4"
"572",86,1,"M3","right","Eat",563,"25.52"
"573",86,1,"M12","right","Drink",579,"0.52"
"574",86,1,"M7","right","Drink",587,"0.48"
"575",86,1,"M2","right","Eat",603,"9.64"
"576",86,1,"M8","right","Eat",641,"14.16,14.2"
"577",86,1,"M6","right","Eat",654,"10.24"
"578",86,1,"M3","right","Drink",749,"10.08"
"579",86,1,"M6","right","Eat",819,"20.32"
"580",86,1,"M2","right","Eat",829,"31.76"
"581",86,1,"M10","right","Drink",1048,"13.16"
"582",86,1,"M2","right","Drink",1217,"2.76"
"583",86,1,"M7","right","Eat",1258,"60"
"584",86,7,"M11","left","Eat",26,"1.76"
"585",86,7,"M11","left","Drink",121,"5.36"
"586",86,7,"M12","left","Eat",122,"18.6"
"587",86,7,"M8","left","Drink",131,"0.04"
"588",86,7,"M11","left","Eat",137,"27.96"
"589",86,7,"M10","left","Eat",154,"17.68,7.2,16.92"
"590",86,7,"M7","left","Drink",155,"8.48"
"591",86,7,"M11","left","Drink",196,"9.32"
"592",86,7,"M9","left","Drink",352,"2.64"
"593",86,7,"M1","left","Eat",476,"8.36,0.96"
"594",86,7,"M11","left","Drink",607,"12"
"595",86,7,"M9","left","Eat",636,"60"
"596",86,7,"M11","left","Eat",747,"60"
"597",86,7,"M11","left","Drink",820,"19.24"
"598",86,7,"M10","left","Eat",1005,"1.76,44.4"
"599",86,7,"M11","right","Drink",23,"4"
"600",86,7,"M5","right","Eat",40,"56.64"
"601",86,7,"M5","right","Drink",43,"6.76,4.64"
"602",86,7,"M11","right","Drink",96,"6.52"
"603",86,7,"M11","right","Eat",104,"14.68"
"604",86,7,"M10","right","Eat",154,"30.44"
"605",86,7,"M11","right","Eat",206,"38"
"606",86,7,"M11","right","Drink",228,"11.36"
"607",86,7,"M8","right","Drink",231,"11.48,10.52"
"608",86,7,"M8","right","Eat",231,"9.52"
"609",86,7,"M11","right","Eat",284,"11.52,1.16"
"610",86,7,"M2","right","Eat",350,"11.48,4.88"
"611",86,7,"M11","right","Drink",411,"8.92"
"612",86,7,"M11","right","Drink",442,"13.56"
"613",86,7,"M11","right","Eat",444,"14.2"
"614",86,7,"M1","right","Drink",467,"3.44"
"615",86,7,"M1","right","Eat",476,"8.84,23.04"
"616",86,7,"M10","right","Drink",608,"12.52"
"617",86,7,"M2","right","Drink",629,"18.88"
"618",86,7,"M9","right","Eat",636,"24.4"
"619",86,7,"M4","right","Eat",694,"16.04"
"620",86,7,"M11","right","Eat",787,"49.04"
"621",86,7,"M11","right","Eat",958,"60"
"622",86,7,"M4","right","Drink",1004,"14.2,3.88"
"623",86,7,"M11","right","Drink",1163,"8.64"
"624",86,7,"M8","right","Drink",1180,"2.96,1.24"
"625",86,7,"M8","right","Eat",1187,"15.6,10.24"
"626",86,7,"M11","right","Eat",1278,"26.48,29.68"
