"","realtime","M1","M2","M3","M4","M5","M6","M7","M8","M9","M10","M11","M12","Light"
"1",0,"","","","","","","","","","","","","off"
"2",1,"","","","","","","","","","","","",""
"3",2,"","","","","","","","","","","","",""
"4",3,"","","","","","","","","","","","",""
"5",4,"","","","","","e","","","","","","",""
"6",5,"","","","","","e","","","","","","",""
"7",6,"","","","","","","","","","","","",""
"8",7,"","","","","","","","d","","","","",""
"9",8,"","","","e","","","","e","","","","",""
"10",9,"","","","e","","","","","","","","",""
"11",10,"","","","","","e","","e","","","","",""
"12",11,"","","","e","","","","e","","","","",""
"13",12,"","","","","","","","","","","","",""
"14",13,"","","","","","","","","","","","",""
"15",14,"","","","","","","","","","","","",""
"16",15,"","","","e","","","","","","","","",""
"17",16,"","","","","","","","","","","","",""
"18",17,"","","","e","","","","","","","","",""
"19",18,"","","","e","","","","","","","","",""
"20",19,"","","","e","","","","","","","","",""
"21",20,"","","","e","","","","","","","","",""
"22",21,"","","","e","","e","","","","","","",""
"23",22,"","","","","","e","","","","","","",""
"24",23,"","","","","","","","","","","","",""
"25",24,"","","","","","","","","","","","",""
"26",25,"","","","d","","","","","","","","",""
"27",26,"","","","e","","e","","","","","","",""
"28",27,"","","","e","","","","","","","","",""
"29",28,"","","","e","","","","","","","","",""
"30",29,"","","","e, d","","","","","","","","",""
"31",30,"","","","e","","","","","","","","",""
"32",31,"","","","e","","","","","","","","",""
"33",32,"","","","e, d","","e","","","","","","",""
"34",33,"","","","e","","e","","","","","","",""
"35",34,"","","","","e","e","","","","","","",""
"36",35,"","","","","","e","","","","","","",""
"37",36,"","","","","","","","","","","","",""
"38",37,"","","","","","","","","","","","",""
"39",38,"","","","","","","","","","","","",""
"40",39,"","","","","","","","","","","","",""
"41",40,"","","","","","e, d","","","","","","",""
"42",41,"","","","","","","e","","","","","",""
"43",42,"e","","","","","","e","","","","","",""
"44",43,"e","","","","e","e","e","","","","","",""
"45",44,"d","","","","e","","","","","","","",""
"46",45,"","e","","","","","e","","","","","",""
"47",46,"","","","","","","e","","e","","","",""
"48",47,"","","","","","","","","","","","",""
"49",48,"","","","","","","e, d","","","","","",""
"50",49,"","","","e, d","","","e","","","","","e",""
"51",50,"","","","","","","e","","","","","e",""
"52",51,"","e","","","","","","","","","","",""
"53",52,"","e","","e","","","","","","","","",""
"54",53,"","e","","e","","","","","","","","",""
"55",54,"","e","","e","","","e, d","","","","","",""
"56",55,"d","","","e","","","","","","","","",""
"57",56,"e","","","e, d","","","","","","","","",""
"58",57,"","","","e","","","","","","","","",""
"59",58,"","","","e","","","e","","","","","",""
"60",59,"","","","e","","","e","","","","","",""
"61",60,"","","","","e","","","","e","e","e","",""
"62",61,"","","","","","","","","","","","",""
"63",62,"","","","","","","","","","","","",""
"64",63,"","","","","","","e, d","","","","","",""
"65",64,"","e","","","","","","","","","","",""
"66",65,"","","","e, d","","","","","e","","","",""
"67",66,"","","","","","","","","d","","","",""
"68",67,"","e","","","","","e, d","","","","","",""
"69",68,"","","","e","","","","","","","","",""
"70",69,"","","","e","","","","","","","","e, d",""
"71",70,"","","","","e","","","","","","","",""
"72",71,"","","","","e","","","","","","","",""
"73",72,"e","","","","e","","","","","","","",""
"74",73,"","","","","","","","","e, d","","","e",""
"75",74,"d","","","","","","","","","","","",""
"76",75,"","","","","","","","","","","","",""
"77",76,"","e, d","","","","","","","e","","","",""
"78",77,"","","","","","d","","","e","","","",""
"79",78,"","e","","","","","e","","e","","","",""
"80",79,"","e","","e, d","","","","","e","","","",""
"81",80,"","e","e","e","","","","","","","","",""
"82",81,"","","e","","","","","","e, d","","","",""
"83",82,"","","","","e","e","e","","e","","","",""
"84",83,"","","","","","","e, d","","","e","","",""
"85",84,"","","","","","e, d","e","","","e","","",""
"86",85,"","","","","","e","e","","","e, d","","e",""
"87",86,"e","e","e","","","","e, d","","e","e","","",""
"88",87,"","","","","e","","","","e, d","","","",""
"89",88,"","","","","e","","","","e","","","",""
"90",89,"","","","","","","","","e","e","","",""
"91",90,"","","","","","e","","","","e","","",""
"92",91,"","","","","","","","","","e, d","","e",""
"93",92,"","","","e","","","e","","","","","",""
"94",93,"","e","","d","","","","","e","","","",""
"95",94,"","","","e","e","","","","e","","","",""
"96",95,"","","","e","","","","e","e","","","",""
"97",96,"","","","e, d","","","","","e","","","",""
"98",97,"","","","","","","","","e","e","","",""
"99",98,"","","","","","e","e","","e","e","","",""
"100",99,"d","","","d","","","e, d","","","","","",""
"101",100,"","","","","e","","","","","","","",""
"102",101,"","e","","","","","","","","","","",""
"103",102,"","","","","","","","","","","","",""
"104",103,"","","","","","d","","","","","","",""
"105",104,"","","","","","","","","","","","",""
"106",105,"","","","e","e","","","","","","","",""
"107",106,"","","","e","e","","","","","","","",""
"108",107,"","","","","","","d","","","","","",""
"109",108,"","d","","","","","","e","","","","",""
"110",109,"e, d","","","","d","","","","e, d","","","",""
"111",110,"","","","","","","","","","","","",""
"112",111,"e","","","d","","","","e","","","","",""
"113",112,"","e","","","","","","","","","","",""
"114",113,"","","","e","","","","","","","","",""
"115",114,"","","","","","","","","e, d","","","",""
"116",115,"d","","","","","","","","","e, d","","",""
"117",116,"","","","","","","","","e","e","","",""
"118",117,"","","","","","","e, d","","","e","","",""
"119",118,"","","e","e","","","e","","e","e","","",""
"120",119,"","","","e","","","e, d","","e","e","","e, d",""
"121",120,"","","e","d","","","d","","e","","","",""
"122",121,"","","e","e, d","","","e","","e","","","",""
"123",122,"d","","e","","","","e","","e","d","","",""
"124",123,"e","e, d","","","e, d","","e","","","","","",""
"125",124,"","","","","","","e","","","e","","",""
"126",125,"d","e","d","","","","","","","e","","",""
"127",126,"","e","e","","","","","","d","","","",""
"128",127,"","","","","e","","","","","","","",""
"129",128,"","d","","e","","","","","e","d","","",""
"130",129,"","","e, d","","e, d","","","","e","","","",""
"131",130,"","","e","","","","","","e","","","",""
"132",131,"","","d","d","","","","","e","","","",""
"133",132,"","e","e, d","e, d","","","","","e","","","",""
"134",133,"","e","e","","","","","","","","","",""
"135",134,"","","e, d","","e","","e, d","","","e","","",""
"136",135,"","e","","","","","e","","","e","","",""
"137",136,"","","","","d","","e","","","e","","",""
"138",137,"","e","","","","","e","","","e","","",""
"139",138,"","e","e, d ","","e","e","","","","e","","",""
"140",139,"","","e","","","e","","","","","","",""
"141",140,"","","","e","","d","","","","","","",""
"142",141,"d","","","e","","","","","","","","",""
"143",142,"e","","d","e","","","","","d","","","",""
"144",143,"e","","","","","","","","","","","",""
"145",144,"e","","e","","","","","","","","","e, d",""
"146",145,"e","","d","","","","d","","e","","","",""
"147",146,"","","","","","e","e","","e","","","",""
"148",147,"","","","","","","e","","e","","","",""
"149",148,"","","","","","","e","","e","","","",""
"150",149,"","","d ","","","e","e","","e, d","e","","",""
"151",150,"","","","","","","d","","","","e","",""
"152",151,"","","e, d","","","e","","","e","","","",""
"153",152,"","","e","","","e","","","","","","",""
"154",153,"","","","","","e","","","","","","",""
"155",154,"","","","","","","","","","","","",""
"156",155,"","","","","","","","","","","","",""
"157",156,"","","","","","","","d","","","","",""
"158",157,"","","","","","","","","","","","",""
"159",158,"","","","","","","","","","","","",""
"160",159,"","","","","","","","","","","","e",""
"161",160,"","","","","","","","e, d ","","","","e",""
"162",161,"","","","","","","","","","","","e",""
"163",162,"","","","","","","","","","","","",""
"164",163,"","","","","","","","","","","","",""
"165",164,"","","","","","","","","","e","","",""
"166",165,"","","","","","","","","","e","","",""
"167",166,"","","","","","","","","","e","e","",""
"168",167,"","","","","","","","","","","e, d","",""
"169",168,"","","","","","","","","","e","","",""
"170",169,"","","","","","","","","","","","",""
"171",170,"","","","","","","","","","","","",""
"172",171,"","","","","","","","e","","","","",""
"173",172,"","","","","","","","e","","","","",""
"174",173,"","","","","","","","","","","","",""
"175",174,"","","","","","","","","","","","",""
"176",175,"","","","","","","","","","","","",""
"177",176,"","","","","","","","","","","","",""
"178",177,"","","","","e","","","","","","","",""
"179",178,"","","","","e","","","","","","","",""
"180",179,"","","","","e","","","","","","","",""
"181",180,"","","","","","","","","","","","",""
"182",181,"","","","","","","","","","","","",""
"183",182,"","","","","","","","","","","","",""
"184",183,"","","e","","","","","","","","","e",""
"185",184,"","","","","","","","","","","","",""
"186",185,"","","","","d","","","","","","","",""
"187",186,"","","","","","","","","","","","",""
"188",187,"","","","","","","","","","","","",""
"189",188,"","","e","","","","","","","","","",""
"190",189,"","","","","","e","","","","","","",""
"191",190,"","","","","","e","","","","","","",""
"192",191,"","","","","e","","","","","","","",""
"193",192,"","e","","","","","","","e, d ","","","",""
"194",193,"","","e, d","e","e","","","e","e","e","","",""
"195",194,"","e","","","e","","","","e, d","","","",""
"196",195,"","","d","","","","","e","e","","","",""
"197",196,"d","","","","","","","","d","","","",""
"198",197,"","","","","d","","","","d","","","",""
"199",198,"","","","","","e","","","","","","",""
"200",199,"","","e, d","","","","","","","","e","",""
"201",200,"","","e","","","","","","","","","",""
"202",201,"","","","","","","","","","","e","",""
"203",202,"","e","","e, d","","","","","e","","","",""
"204",203,"","","","e","","","","","","","","",""
"205",204,"e","","d","e","","","","","","e","e","",""
"206",205,"","","","","","","e","","","e","","",""
"207",206,"","","","","","","e","","","e","d","",""
"208",207,"","","","","","","","e","","","","e",""
"209",208,"","","","","","","","","","","","",""
"210",209,"","","","","","","","","","","d","",""
"211",210,"","","","e","","","","","","","","",""
"212",211,"","","","","","","","","","e","","",""
"213",212,"","","","","","","","","","","d","",""
"214",213,"","","","","","","","","","","","",""
"215",214,"","","","","","","","","","","d","",""
"216",215,"","","","","","","","","","","","",""
"217",216,"","","","","","","","","","","","",""
"218",217,"","","","","","","","","","","","",""
"219",218,"","","","","d","","d","","","","","",""
"220",219,"","","","","","","e","","","","","",""
"221",220,"","","","","","","e","","","","","",""
"222",221,"","","","","","d","e, d","","","d","","",""
"223",222,"","","","","","d","","","","d","","",""
"224",223,"","","","","","","","","","","","",""
"225",224,"","","","","","e","","","","e","","",""
"226",225,"","","","","","e","","","","","","",""
"227",226,"","","","","","","","","","","","",""
"228",227,"","","","","","","","","","","","",""
"229",228,"d","","","e, d ","","","","","","","","",""
"230",229,"","","","e, d ","d","","","","","","","",""
"231",230,"","","","e","","","","","","","","",""
"232",231,"","","","","","","","","","e","","",""
"233",232,"","","","","","","","","","","","e",""
"234",233,"","","","","","","","","","e","","",""
"235",234,"","","","","","","","","","e","","",""
"236",235,"","","","","","","","","","e","","e, d",""
"237",236,"","","","","","","","","","","","",""
"238",237,"","","","","","","","","","","","",""
"239",238,"","","","d","","","","","","","","",""
"240",239,"","","","","","","","","","","","",""
"241",240,"","","","","","","","","","","","e",""
"242",241,"","e, d","","","","","","","","e","","",""
"243",242,"","","","","","e","","","","","","",""
"244",243,"","","","","","","","","","","","",""
"245",244,"","","","","","","","","","","d","",""
"246",245,"","","","","","","","","","","","",""
"247",246,"","","","","","","","","","","","",""
"248",247,"","","","","e, d","","","","","e, d ","e","",""
"249",248,"","","","","","","","","","","e","",""
"250",249,"","","","","","","","","d","","","",""
"251",250,"","","","","","","","","d","","d","",""
"252",251,"","","","","","","","","","","","",""
"253",252,"","","","","","","","","","","","",""
"254",253,"","","","","","","","","","","","",""
"255",254,"","","e","","","","","","","","","",""
"256",255,"","","","","","","","","","","","",""
"257",256,"","","e, d","","","","","","","","","",""
"258",257,"","","","","","","","","","","","",""
"259",258,"","","e, d ","","","","","","","","","",""
"260",259,"","","","","","","","","e","","","",""
"261",260,"","","","","","","","","e","","","",""
"262",261,"","","","","","","","","","","","",""
"263",262,"","e","","","","","","","","","","",""
"264",263,"","e","","","","","","","","","","",""
"265",264,"","e","e, d","","","","","","","","","",""
"266",265,"","","e","","","","","","","","","",""
"267",266,"","","e, d","","","","","","","","","",""
"268",267,"","","e, d","","","","","","","","","",""
"269",268,"","","","","","","","","e","","","",""
"270",269,"","","e","","","","","","e","","","",""
"271",270,"","","","","","","","","e","","","",""
"272",271,"","","","","","","","","e, d","","","",""
"273",272,"","","","","","","","","e","","","",""
"274",273,"","","","","","","","","d","","","e",""
"275",274,"","","","","","","e, d","","e","","","",""
"276",275,"","","","","","","e","","e","","","",""
"277",276,"","","","","","","e","","e, d","","","",""
"278",277,"","","d","","","d","d","","","","","",""
"279",278,"","","","","","","","","","","","",""
"280",279,"","","","","","","","","","","","",""
"281",280,"","","","","","","","","","","","",""
"282",281,"","","","","","","","","","","","d",""
"283",283,"","","","","","","e,d","","","","","",""
"284",284,"","","","","","","","d","","","","",""
"285",285,"","","e","","","","","","","","","",""
"286",286,"","","","","","","","","","","","",""
"287",287,"","","","","","","","","","","","",""
"288",288,"","","","d,e","","","","","","","","",""
"289",289,"","","","e","","","","","","","","",""
"290",290,"","","","e","","","","","","","","",""
"291",291,"","","","","","","","","","","","",""
"292",292,"","","","","","","d,e","e","","","","",""
"293",293,"","","","","","","d","","","","","",""
"294",294,"","","","d","","","e","d","","","","",""
"295",295,"","","","","","","","","","","","",""
"296",296,"","","","","","","","","","e","","",""
"297",297,"d","","","e","","","d","","","","","",""
"298",298,"e","","","","","","","","","d,e","","",""
"299",299,"","","","","","","","","","e","","",""
"300",300,"","","","","","","","","","","","",""
"301",301,"","","","","","","","","e","e","","",""
"302",302,"","","","","","","","d",""," ","","",""
"303",303,"","","","","","","","d","","","","",""
"304",304,"","","","","e,d","","","","","","","",""
"305",305,"","","","","e,d","","d","","","","","e",""
"306",306,"","e","","","","","","","","","","",""
"307",307,"d","","","","","","","","","d","","",""
"308",308,"","","","","","","","","d","","","",""
"309",309,"","","","","","","","","","","","",""
"310",310,"d","d","","","","","","","","","","",""
"311",311,"","","","","","","","","","","","",""
"312",312,"","","","","d,e","","","","","","","",""
"313",313,"","","","","d","","","","","","","",""
"314",314,"","e","","","","","d","","","","","",""
"315",315,"","e","","","","","e","","","","","",""
"316",316,"","","","","","","","","","","","",""
"317",317,"","","","","","","","","","","","",""
"318",318,"","d","","","","d","","","","","","",""
"319",319,"","","","","","","","","","","","",""
"320",320,"","","","","","","","","","","","",""
"321",321,"","","","","","","","","","","","",""
"322",322,"","","","","","","","","","","","",""
"323",323,"","","","","","","","","","","","",""
"324",324,"","","","","","","","","","","","",""
"325",325,"","","","","","","","","","","","",""
"326",326,"","","","","","","","","","","","",""
"327",327,"","","","","","","","","","","d","",""
"328",328,"","","","","","","","","","","","",""
"329",329,"","","","","","","","d","","","","",""
"330",330,"","","","","","","","d","","","","",""
"331",331,"","","","","","","","","","","","",""
"332",332,"","","","","","","","","","","","",""
"333",333,"","","","","","","","","","","","",""
"334",334,"","","","","","","","","","","","",""
"335",335,"","","","","","","","","","","","",""
"336",336,"","","","","d","","","","","","","",""
"337",337,"","","","","d,e","","","","","","","",""
"338",338,"","","","","","","","","","","","",""
"339",339,"","e,d","","","","","","","","","","",""
"340",340,"","e","","","","","","","","","","",""
"341",341,"","e","","","","","","","","","","",""
"342",342,"","","","","","","","","","","","",""
"343",343,"","","","","","","","","","","","",""
"344",344,"","","","","","","","","","","","",""
"345",345,"","","","","","","","","","","","",""
"346",346,"","","","","","","","","","","","",""
"347",347,"","","","","","","","","","","","",""
"348",348,"","","","","","","","","","","","",""
"349",349,"","","","","","","","","","","","",""
"350",350,"","","","","","","","","","","","",""
"351",351,"","","","","","","","","","","","",""
"352",352,"","","","","","","","","","","","",""
"353",353,"","","","","","","","","","","","",""
"354",354,"","","","","","","","","","","","",""
"355",355,"","","","","","","","","","","","",""
"356",356,"","","","","","","","","","","","",""
"357",357,"","","","","","","","","","","","",""
"358",358,"","","","","d","","","","","","","",""
"359",359,"","","","","d","","","","","","","",""
"360",360,"","","","","","","","","","","","",""
"361",361,"","","","","","","","","","","","",""
"362",362,"","","","","","","","","","","","",""
"363",363,"","","","","","","","","","","","",""
"364",364,"","","","","","","","","","","","",""
"365",365,"","","","","","","","","","","","",""
"366",366,"","","","","","","","","","","","",""
"367",367,"","","","","","","","","","","","",""
"368",368,"","","","","","","","","","","","",""
"369",369,"","","","","","","","","","","","",""
"370",370,"","","","","","","","","","","","",""
"371",371,"","","e,d","","","","","","","","","",""
"372",372,"","","d","","","","","","","","","",""
"373",373,"","","d,e","","","","","","","","","",""
"374",374,"","","","","","","","","","","","",""
"375",375,"","","","","","","","","","","","",""
"376",376,"","","e","","","","","","","","","",""
"377",377,"","","e","","","","","","","","","",""
"378",378,"","","d","","","","","","","","","",""
"379",379,"","","d","","","","","","","","","",""
"380",380,"","","","","","","","","","","","",""
"381",381,"","","","","","","","","","","","",""
"382",382,"","","e,d","","","","","","","","","",""
"383",383,"","","e","","","","","","","","","",""
"384",384,"","","d,e","","","","","","","","","",""
"385",385,"","","e","","","","","","","","","",""
"386",386,"","","d","","","","","","","","","",""
"387",387,"","","","","","","","","","","","",""
"388",388,"","","","","","","","","","","","",""
"389",389,"","","","","","","","","","","","",""
"390",390,"","","d","","","","","","","","","",""
"391",391,"","","","","","","","","","","","",""
"392",392,"","","","","","","","","","","","",""
"393",393,"","","","","","","","","","","","",""
"394",394,"","","","","","","","","","","","",""
"395",395,"","","","","","","","","","","","",""
"396",396,"","","","","","","","","","","","",""
"397",397,"","","","","","","","","","","","",""
"398",398,"","","","","","","","","","","","",""
"399",399,"","","","","","","","","","","","",""
"400",400,"","","","","","","","","","","","",""
"401",401,"","d","","","d","","","","","","","",""
"402",402,"","","","","d","","","","","","","",""
"403",403,"","","","","d","","","","","","","",""
"404",404,"","","","","","","","","","","","",""
"405",405,"","","","","","e","","","","","","",""
"406",406,"","","","","","e","","","e","","","",""
"407",407,"","d","","","","","e","","e","","","",""
"408",408,"","","","","","","e","","e","","","",""
"409",409,"","","","","","","","e","d","","","",""
"410",410,"","","","","","e","","","","","","",""
"411",411,"","","","","","e","","","","d,e ","","",""
"412",412,"","","","d","","","d,e ","","e","e","","",""
"413",413,"","","","","","e","e,d ","","e","","","",""
"414",414,"","d","","","","","e","","e","","","",""
"415",415,"","e","","","","d","","","","","","",""
"416",416,"","e","","","e","","","","","","","",""
"417",417,"","e","","","e","","","","","","","",""
"418",418,"","e","","","e","","","","","","","",""
"419",419,"e","","","","d","e","","","","","","",""
"420",420,"","","","","","e","","","d","e,d","","",""
"421",421,"","","","","","","","","e","","","",""
"422",422,"","","","","","d","","","e","","","",""
"423",423,"","","","","","","d","","","","","",""
"424",424,"e","","","","","","","d","","","","",""
"425",425,"","","","","","","","","e,d","e,d ","","",""
"426",426,"","","","","","e","","","","e,","","",""
"427",427,"","","","","","e","","","","e","","",""
"428",428,"","","","","","","","","","","","",""
"429",429,"","","","","","","","","","","","",""
"430",430,"","","","","","e","d","","e,d","","","",""
"431",431,"","","","","d","","","","","","","",""
"432",432,"","","","","","","","","","","","",""
"433",433,"","","","","","","","","","","","",""
"434",434,"","","","","","","","","","e","","",""
"435",435,"","","","","","","","","e","","","",""
"436",436,"d","d","","","","","","","","","","",""
"437",437,"","","","","","","","","","","","",""
"438",438,"","","","","","","","","","","","",""
"439",439,"","","","d","","","","","d","","","",""
"440",440,"","","","","","","","","","","","",""
"441",441,"","e","","","","e","","","","","","",""
"442",442,"","","","","","e","","","","","","",""
"443",443,"","","","","","e","","","","","","",""
"444",444,"","","","e","","","","","","","","",""
"445",445,"","","","e","","","","","","","","",""
"446",446,"","","","e","","","","","d","e,d","","",""
"447",447,"","","","","","","","","","e","","",""
"448",448,"","","","","d,e","","","","","","","",""
"449",449,"","","","d","e","","","","e","d","","",""
"450",450,"","","","","","","","","e","","","",""
"451",451,"","e","","","","","","","e","d,e","","",""
"452",452,"","e","","","","","","","","e","","",""
"453",453,"","e","","","","","","","","e","","",""
"454",454,"","","","","","","","","","","","d",""
"455",455,"","","","","","","","","","","","",""
"456",456,"","","","","","","","","","d,e","","",""
"457",457,"","","","","","","","","","e","","",""
"458",458,"","","","","","","","","","e","","",""
"459",459,"","","","","","","","","","","","",""
"460",460,"","","","","","","","","","e","","",""
"461",461,"","","","","","","","","","e","","",""
"462",462,"","","","","","","","d","","","","",""
"463",463,"","","","","","","","d,e","e","","","",""
"464",464,"","","","","","","","","e","","","",""
"465",465,"","","","","","","","","e","","","",""
"466",466,"","","","","","","","","","","","",""
"467",467,"","","","","","","","","","","","",""
"468",468,"","","","","","","","","","","","d,e",""
"469",469,"","","","","","","d","","","","","",""
"470",470,"","","","","","","e,d","","","","","",""
"471",471,"","","","","","","e","","","","","",""
"472",472,"","","","","","","e","","","","","",""
"473",473,"","","","","","","e","","","","","",""
"474",474,"","","","","","","e","","","","","",""
"475",475,"","","","","","","","","","","","",""
"476",476,"","","","","","","","","","","","",""
"477",477,"","","","","","","","","","","","",""
"478",478,"","","","","","","","","","","","",""
"479",479,"","","","","","","","","","","","",""
"480",480,"","","","","","","","","","","","",""
"481",481,"","","","","","","","","","","","",""
"482",482,"","","","","","","","","","","","",""
"483",483,"","","","","","","d","","","","","",""
"484",484,"","e","","","","","","","","","","",""
"485",485,"","e","","","","","","","","","","",""
"486",486,"","","","","","","e","","","","","",""
"487",487,"","d","","","","","e","","","","","",""
"488",488,"","","","","","","e","","","","","",""
"489",489,"","","","","e","","","","","","","",""
"490",490,"","","","","e","","","","","","","",""
"491",491,"","","","","e","","","","","","","",""
"492",492,"","","","","e","","","","","","","",""
"493",493,"","","","","","","","","","","","",""
"494",494,"","","","","","","","","","","","",""
"495",495,"","","","","","","","","","","","",""
"496",496,"","","","","","","","","","","","",""
"497",497,"","","","","d","","","","","","","",""
"498",498,"","","","","d,e","","","","","","","",""
"499",499,"","","","","e","","","","","","","",""
"500",500,"","","","","e","","","","","","","",""
"501",501,"","e","","","","","","","","","","",""
"502",502,"","e","","","","","","","","","","",""
"503",503,"","e","","","","","","","","","","",""
"504",504,"","","","","","","","","","","","",""
"505",505,"","","","","d","","","","","","","",""
"506",506,"e","","","","","","","","","","","",""
"507",507,"e","","","","","","","","","","","",""
"508",508,"e","","","","","","","","","","d","",""
"509",509,"","","","","","","","","","","d","",""
"510",510,"","","","","","","","","","","e","",""
"511",511,"","","","","","","","","","","e","",""
"512",512,"","","","","","","","","","","e","",""
"513",513,"","","","","","","","e","","","","",""
"514",514,"","","","","","","","e","","","","",""
"515",515,"","","","","","","","","","","","",""
"516",516,"","","","","","","","","","","","",""
"517",517,"","","","","","","","","","","","",""
"518",518,"","","","","","","","","","","","",""
"519",519,"","","","","","","","","","","","",""
"520",520,"","","","","","","","","","","","",""
"521",521,"","","e","","","","","","","","","",""
"522",522,"","","","","","","","d","","","","",""
"523",523,"d,e","","","","","","","","","","","",""
"524",524,"e","","","","","","","","","","","",""
"525",525,"e","","","","","","","","","","","",""
"526",526,"d","","","","","","","","","","","",""
"527",527,"","","e","","","","","","","","","e",""
"528",528,"","","e,d","","","","","","","","","e",""
"529",529,"","","e,d","","","","","","","","","e",""
"530",530,"","","e","","","","","","","","","",""
"531",531,"","","","","","","","","","e","","",""
"532",532,"","","","","","","","","","","","",""
"533",533,"","","d,e","","","","","","","","","",""
"534",534,"","","","","","","","","","","","",""
"535",535,"","","","","","","","","","","","",""
"536",536,"","","e","","","","","","","","","",""
"537",537,"","e,d","","","","","","","","","","",""
"538",538,"","","","","","","","","","","","e",""
"539",539,"e","","","","","","","","","","","",""
"540",540,"e","","","","","","","","","","","",""
"541",541,"","","","","","","","","","","","",""
"542",542,"","","","","","","","","","e","","",""
"543",543,"","","","","","","","","","","","",""
"544",544,"","","","","","","","e","","","","",""
"545",545,"","","","","","","","","","","","",""
"546",546,"","","e","","","","","e","","","","",""
"547",547,"","","","","","","","e","","e","","",""
"548",548,"","d","","","","","","","","","","",""
"549",549,"","d","","","","","","","","","","",""
"550",550,"","","","d","","","","","","","","",""
"551",551,"","","","","","","","","","","","",""
"552",552,"","","","","","","","","","","","",""
"553",553,"","e","","","","","","e,d","","","","",""
"554",554,"","e","","","","","","e","","e","","",""
"555",555,"","e","","","","","","e","","","","",""
"556",556,"","e","","","","","","","","","","",""
"557",557,"","e","","","","","","","","","","",""
"558",558,"","","","","","","","d","","d","","",""
"559",559,"","","","","","","","","","e","","",""
"560",560,"","e,d","","","","","","","","e","","",""
"561",561,"","","","","","","","","","e","","",""
"562",562,"","","","","","","","","","","","",""
"563",563,"","","","","","","","","","","","",""
"564",564,"","","","","","","","","","","","",""
"565",565,"","","","","","","","","","d","","",""
"566",566,"","","","d","","","","","","d","","",""
"567",567,"","","","","","","","","","","","",""
"568",568,"","","","","","","","","","e","","",""
"569",569,"","","","","","","","","","e","","",""
"570",570,"","","","","","","","","","e","","",""
"571",571,"","","","","","","","","","e","","",""
"572",572,"","","","","","","","","","","","",""
"573",573,"","","","","","","","","","","","",""
"574",574,"","","","","","","","","e","","","",""
"575",575,"","","","","","","","","","","","",""
"576",576,"","","","","","","","","e","","","",""
"577",577,"","","","","","d","","","","","","",""
"578",578,"","","","","","","","","d","","","",""
"579",579,"","","","","","","","","","","","",""
"580",580,"","","","","","","","","d","","","",""
"581",581,"","","e","","","","","","e","","","",""
"582",582,"","","e","","","","","","e","","","",""
"583",583,"","","e,d","","","","","","e","","","",""
"584",584,"","","e,d","","","e","","","e,d","","","",""
"585",585,"","","e","","","d","","","","","","",""
"586",586,"","","","","","d,e","","","","","","",""
"587",587,"","","d","","","e","","","","d","","",""
"588",588,"","","d","","","d","","","","","","",""
"589",589,"","","","","","d,e","","","","","","",""
"590",590,"","","e","","","e,d","","","","","","",""
"591",591,"","","e","","","e","e","","","","","",""
"592",592,"","","d,e","","","","","","","","","",""
"593",593,"","","","","","","d","","","","","",""
"594",594,"","","","","","","","","","","","",""
"595",595,"","","d","","","","","","","d,e","","",""
"596",596,"","","","","","","","","","","","",""
"597",597,"","","","","","","","","","","","",""
"598",598,"","","e","","","","","","","","","",""
"599",599,"","","e","","e","","","","","e","","",""
"600",600,"","","","","","","","","","","","",""
"601",601,"","","","","e","","","","","","","",""
"602",602,"","","","","e","e","","","","","","",""
"603",603,"","","","","e","","","","","","","",""
"604",604,"","","d","","","","","","","d,e","","",""
"605",605,"","","e","","d","","","","","","","",""
"606",606,"","","e","","","","","","","","","",""
"607",607,"","","e","","","e","","","","","","",""
"608",608,"","","e","","","e","","","","","","",""
"609",609,"","","d,e","","","","","","","","","",""
"610",610,"","","","","","e","","","","","","",""
"611",611,"","","","","","","","","","","","",""
"612",612,"","","","","","d","","","","","","",""
"613",613,"","","","","e","","","","","","","",""
"614",614,"","","","","e","","","","","","","",""
"615",615,"","","","","","","","","","","d","",""
"616",616,"","","","","","","","","","","","",""
"617",617,"","","","","","","","","","","","",""
"618",618,"","","","","","","","","","","","",""
"619",619,"","","","","","","","","","","","",""
"620",620,"","","","","","","","","","","e","",""
"621",621,"","","","","","","","","","","","",""
"622",622,"d","","","","","","","","","","","",""
"623",623,"e","","","","","","","","","","","",""
"624",624,"","","","","","","","","","","","",""
"625",625,"","","","","","","","","","","","",""
"626",626,"","","","","","","","","","","","",""
"627",627,"","","","","","","","","","","","",""
"628",628,"","","","","","","","","","","","",""
"629",629,"","e","","","","","","","","","","",""
"630",630,"","","","","d","","","","","","","",""
"631",631,"","","","","e","","","","","","","",""
"632",632,"","","","","","","","","","","","",""
"633",633,"","","","","","","","","","","","",""
"634",634,"","","","","","","","","","","","",""
"635",635,"","","","","","","","","","","","",""
"636",636,"e","d","","","","","","","","","","",""
"637",637,"e","","","","","","","","","","","",""
"638",638,"e,d","","","","","","","","","","","",""
"639",639,"e","","","","","","","","","","","",""
"640",640,"e","","","","","","","","","","","",""
"641",641,"","","d","","","","","","","","","",""
"642",642,"","","","d","","","","","","","","",""
"643",643,"","","","","","","","","","","","",""
"644",644,"","","","","","","","","","","","",""
"645",645,"","","","","","","","","","","","",""
"646",646,"","","","","","","","","","","","",""
"647",647,"","","d","","","","e","","","","","",""
"648",648,"","","","e","","","","","","","","",""
"649",649,"","","","e","","","","","","","","",""
"650",650,"","","","e","","","","","","","","",""
"651",651,"","","","e","","","d,e","","","","","",""
"652",652,"","","","","","","","","","","","",""
"653",653,"","","","","","","","","","","","",""
"654",654,"","","","","","","d","","","","","",""
"655",655,"","","","","","","","","","","","",""
"656",656,"","","","","d","","","","","","","",""
"657",657,"","","","","","","","","","","","",""
"658",658,"","","d","d","","","","","","","","",""
"659",659,"","","","","","","","","","","","",""
"660",660,"","","d,e","","","","","","","","","",""
"661",661,"","","","","","","","","","","","",""
"662",662,"","","","d","","","","","","","","",""
"663",663,"","","","","","","","","","","","",""
"664",664,"","","","","","","","","","","","",""
"665",665,"","","","","","","","","","","","",""
"666",666,"","","","","","","","","","","","",""
"667",667,"","","","","","","","","","","","",""
"668",668,"","","","","","","","","","","","",""
"669",669,"","","","","","","d","","","","","",""
"670",670,"","","","","","","","d","","","","",""
"671",671,"","","","","","","","","","","","",""
"672",672,"","","","e","","","","","","","","",""
"673",673,"","","","e","","","","","","","","",""
"674",674,"","","","e","","","","","","","","",""
"675",675,"","","","","","","","","","","","",""
"676",676,"","","","d","","","","","","","","",""
"677",677,"","","","","","","","","","","","",""
"678",678,"","","","","d","","","","","","","",""
"679",679,"","","","","","","","","","","","",""
"680",680,"","","","","","","d","","","","","",""
"681",681,"","","","","","","","","","","e","",""
"682",682,"","","","","","","","","","","","",""
"683",683,"","","","","","","","","","","","",""
"684",684,"","","","","","","","","","","d,e","",""
"685",685,"","","","","","","e","","","","","",""
"686",686,"","","","","","","","","","","d","",""
"687",687,"","","","","","","","","","","","",""
"688",688,"","","","","","","","","","","","",""
"689",689,"","","","d","","","","","","","","",""
"690",690,"","","","","","","","","","","","",""
"691",691,"","","","","","","","","","","","",""
"692",692,"","","","","","","","","","","","",""
"693",693,"","","","","","","","","","","","",""
"694",694,"","","","","","","","","","","","",""
"695",695,"","","","","","","","","","","","",""
"696",696,"","","","","","","","","","","","",""
"697",697,"","","","","","","","","","","","",""
"698",698,"","","","","","","","","","","","",""
"699",699,"","","","","","","","","","","","",""
"700",700,"","","","","","","","","","","","",""
"701",701,"","","","","","","","","","","","",""
"702",702,"","","","","","","","","","","","",""
"703",703,"","","","","","","","","","","","",""
"704",704,"","","","","","","","","","","","",""
"705",705,"","","","","","","","","","","","",""
"706",706,"","","","","","","","","","","","",""
"707",707,"","","","","","","","","","","","",""
"708",708,"","","","","","","","","","","","",""
"709",709,"","","","","","","","","","","","",""
"710",710,"","","","","","","","","","","","e",""
"711",711,"","","","","","","","e","","","","",""
"712",712,"","","","","","","","","","","","",""
"713",713,"","","","","","","","","","","","",""
"714",714,"","","","","","","","","","","","",""
"715",715,"","e","e","","","","","","","","","",""
"716",716,"","e","e","","","","","","","","","",""
"717",717,"","","e,d","","","","","","","","","",""
"718",718,"","","e","","","","","","","","","",""
"719",719,"","d","","","","","","","","","","",""
"720",720,"","e","d","","","","","","","","","","on"
"721",721,"","e","","","","","","","","","","",""
"722",722,"","","","","","","","","","","","",""
"723",723,"","","","","","","","","","","","",""
"724",724,"","","","","","","","","","","","",""
"725",725,"","","","","","","","","","","","",""
"726",726,"","","","","","","","","","","","",""
"727",727,"","","","","","","","","","","","",""
"728",728,"","","","e","","","","","","","","",""
"729",729,"","","","e,d","","","","","","","","",""
"730",730,"","","","e","","e","","","","","","",""
"731",731,"","","","","","","","","","","","",""
"732",732,"","","","","","","","","","","","",""
"733",733,"","","","","","d","","","e","","","e",""
"734",734,"","","","","","e","","","e","","","",""
"735",735,"","","","","","e","","","d,e","","","",""
"736",736,"","","e","","","d","","","","","","",""
"737",737,"","","e,d","","","e","","","","","","",""
"738",738,"","","","","","","","","","","","",""
"739",739,"","","e","e","","","","","d","","","",""
"740",740,"","","d","","","","","","","","","",""
"741",741,"","","","","","","","","","","","",""
"742",742,"","","","","","","","","","","","",""
"743",743,"","","","","","","","","","","","",""
"744",744,"","","","","","","","","","","","",""
"745",745,"","","","","","","","","","","","",""
"746",746,"","","","","","","","","","","","",""
"747",747,"","","","","","","","","","","","",""
"748",748,"","","","","","","","","","","","e",""
"749",749,"","","","","","","","","","","","e",""
"750",750,"d","","","","","","","","","","","",""
"751",751,"","","","","","","d","","","","","",""
"752",752,"","","","","","","d","","","","","",""
"753",753,"","","","","e","","","","","","","",""
"754",754,"","","","","","","","","","","","",""
"755",755,"","","","","","","","","","","","",""
"756",756,"","","","","","","","","","","","",""
"757",757,"","","","","","","","","","","","",""
"758",758,"","","","","","","","","","","","",""
"759",759,"","","","","","","","","","","","",""
"760",760,"","","","","","","","","","","","",""
"761",761,"","","","","","","","","d","","","",""
"762",762,"","","","","","","","","","","","",""
"763",763,"","","","","","","","","","","","",""
"764",764,"","","","","","","","","","","","",""
"765",765,"","","","","","","d","","","","","",""
"766",766,"","","","","","","","","","","","",""
"767",767,"","","","","","","","","","","","",""
"768",768,"","","","","","","","","","","","",""
"769",769,"","","","d","","","","","","","","",""
"770",770,"","","","","","","","","","","","",""
"771",771,"","","","","d","","","","","","","",""
"772",772,"","","","","d","","e","","","","","",""
"773",773,"","","","","","","","","","","d","",""
"774",774,"","","","","","","","","","","","",""
"775",775,"","","","","","","","","","","","",""
"776",776,"","","","","","","","","","","","",""
"777",777,"","","","","","","","","","","","",""
"778",778,"","","","","","","","","","","d","",""
"779",779,"","","","","","","","","","","","",""
"780",780,"","","","","","","","","","","","",""
"781",781,"","","","","","","","","","","","",""
"782",782,"","","","","","","","","","","","",""
"783",783,"","","","","","","","","","","","",""
"784",784,"","e","","","","","","","","","","",""
"785",785,"d","e","","","","","","","","","","",""
"786",786,"d","","","","","","","","","","","",""
"787",787,"","","","","","","","","","","","",""
"788",788,"","","","","","","","","d","","","",""
"789",789,"","","","","","","d","","","","","",""
"790",790,"e","","","","","","","","","","","",""
"791",791,"","","","","","","","","e","","","",""
"792",792,"","","","","","","","","","","","",""
"793",793,"","","","","","","","","","","","",""
"794",794,"","d","","","","","","","","","","",""
"795",795,"","d","","","","","","","","","","",""
"796",796,"","","","","","","","","","","","",""
"797",797,"","","","","","","","","","","","",""
"798",798,"","","","","","","","","","","","",""
"799",799,"","","","","","","","","","","","",""
"800",800,"","e,d","","","","","","","","","","",""
"801",801,"","","","","d","","","","","","","",""
"802",802,"","","","","","","","","","","","",""
"803",803,"","","","","","","","","","","","",""
"804",804,"","","","","","","","","","","","",""
"805",805,"","","","","","","","","","","","",""
"806",806,"","","","","","","","","","","","",""
"807",807,"","","","","","","","","","","","",""
"808",808,"","","","","","","","","","","","",""
"809",809,"","","","","","","","","","","","",""
"810",810,"","","","","","","","","","","","",""
"811",811,"","","","","","","","","","","","",""
"812",812,"","","","","","","","","","","","",""
"813",813,"","","","","","","","","","","","",""
"814",814,"","","","","","","","","","","","",""
"815",815,"","","","d","","","","","","","","",""
"816",816,"","","","","","","","","","","","",""
"817",817,"","","","","","","","","","","","",""
"818",818,"","","","","","","","","","","","",""
"819",819,"","","","","","","","","","","","",""
"820",820,"","","","","","","","","","","","",""
"821",821,"","","","","","","","","","","","",""
"822",822,"","","","","","","","","","","","",""
"823",823,"","","","","","","","","","","","",""
"824",824,"","","","","","","","","","","","",""
"825",825,"","","","","","","","","","","","",""
"826",826,"","","","","","","","","","","","",""
"827",827,"","","","","","","","","","","","",""
"828",828,"","","","","","","","","","","","",""
"829",829,"","","","","","","","","","","e","",""
"830",830,"","","","","","","","","","","","",""
"831",831,"","","","","","","","","","","","",""
"832",832,"","","","","","","","","","","","",""
"833",833,"","","","","","","","","","","","",""
"834",834,"","","","","","","","","","","","",""
"835",835,"","","","","","","","","","","","",""
"836",836,"","","","","","","","","d","","","",""
"837",837,"","","","","","","","","","","","",""
"838",838,"","","","","","","","","","","d","",""
"839",839,"","","","","","","","","","","","",""
"840",840,"","","","","","","","","","","","",""
"841",841,"","","","","","","","","","","","",""
"842",842,"","","","","","","","","","","d","",""
"843",843,"","","","","","","","","","","","",""
"844",844,"","","","","","","","","","","","",""
"845",845,"","","","","","","","","","","d","",""
"846",846,"","","","","","","","","","","","",""
"847",847,"","","","","","","","","","","","",""
"848",848,"","","","","","","","","","","","",""
"849",849,"","","","","","","","","","","","",""
"850",850,"","","","","","","","","","","","",""
"851",851,"","","","","","","","","","","","",""
"852",852,"","","","","","","","","","","d","",""
"853",853,"","","","","","","","","","","d","",""
"854",854,"","","","","","","","","","","","",""
"855",855,"","","","","","","","","","","","",""
"856",856,"","","","","","","","","","","","",""
"857",857,"","","","","","","","","","","","",""
"858",858,"","","","","","","","","","","","",""
"859",859,"","","","","","","","","","","","",""
"860",860,"","","","","","","","","","","","",""
"861",861,"","","","","","","","","","","d","",""
"862",862,"","","","","","","","","","","","",""
"863",863,"","","","","","","","","","","","",""
"864",864,"","","","","","","","","","","","",""
"865",865,"","","","","","","","","","","","",""
"866",866,"","","","","","","","","","","","",""
"867",867,"","","","","","","","","","","","",""
"868",868,"","","","","","","","","","","","",""
"869",869,"","","","","","","","","","","","",""
"870",870,"","","","","","","","","","","","",""
"871",871,"","","","","","","","","","","","",""
"872",872,"","","","","","","","","","","","",""
"873",873,"","","","","","","","","","","","",""
"874",874,"","","","","","","","","","","","",""
"875",875,"","","","","","","","","","","","",""
"876",876,"","","","","","","","","","","","",""
"877",877,"","","","","","","","","","","","",""
"878",878,"","","","","","","","","","","","",""
"879",879,"","","","","","","","","","","","",""
"880",880,"","","","","","","","","","","","",""
"881",881,"","","","","","","","","","","","",""
"882",882,"","","","","","","","","","","","",""
"883",883,"","","","","","","","","","","","",""
"884",884,"","","","","","","","","","","","",""
"885",885,"","","","","","","","","","","","",""
"886",886,"","","","","","","","","","","","",""
"887",887,"","","","","","","","","","","","",""
"888",888,"","","","","","","","","","","","",""
"889",889,"","","","","","","","","","","","",""
"890",890,"","","","","","","","","","","","",""
"891",891,"","","","","","","","","","","","",""
"892",892,"","","","","","","","","","","","",""
"893",893,"","","","","","","","","","","","",""
"894",894,"","","","","","","","","","","","",""
"895",895,"","","","","","","","","","","","",""
"896",896,"","","","","","","","","","","","",""
"897",897,"","","","","","","","","","","","",""
"898",898,"","","","","","","","","","","","",""
"899",899,"","","","","","","","","","","","",""
"900",900,"","","","","","","","","","","","",""
"901",901,"","","","","","","","","","","","",""
"902",902,"","","","","","","","","","","","",""
"903",903,"","","","","","","","","","","","",""
"904",904,"","","","","","","","","","","","",""
"905",905,"","","","","","","","","","","","",""
"906",906,"","","","","","","","","","","","",""
"907",907,"","","","","","","","","","","","",""
"908",908,"","","","","","","","","","","","",""
"909",909,"","","","","","","","","","","","",""
"910",910,"","","","","","","","","","","","",""
"911",911,"","","","","","","","","","","","",""
"912",912,"","","d","","","","","","","","","",""
"913",913,"","","d","","","","","","","","","",""
"914",914,"","","","","","","","","","","","",""
"915",915,"","","","","","","","","","","","",""
"916",916,"","","","","","","","","","","","",""
"917",917,"","","","","","","","","","","","",""
"918",918,"","","","","","","","","","","","",""
"919",919,"","","","","","","","","","","","",""
"920",920,"","","","","","","","","","","","",""
"921",921,"","","","","","","","","","","","",""
"922",922,"","","","","","","","","","","","",""
"923",923,"","","","","","","","","","","","",""
"924",924,"","","","","","","","","","","","",""
"925",925,"","","","","","","","","","","","",""
"926",926,"","","","","","","","","","","","",""
"927",927,"","","","","","","","","","","","",""
"928",928,"","","","","","","","","","","","",""
"929",929,"","","","","","","","","","","","",""
"930",930,"","","","","","","","","","","","",""
"931",931,"","","","","","","","","","","","",""
"932",932,"","","","","","","","","","","","",""
"933",933,"","","","","","","","","","","","",""
"934",934,"","","","","","","","","","","","",""
"935",935,"","","","","","","","","","","","",""
"936",936,"","","","","","","","","","","","",""
"937",937,"","","","","","","","","","","","",""
"938",938,"","","","","","","","","","","","",""
"939",939,"","","","","","","","","","","","",""
"940",940,"","","","","","","","","","","","",""
"941",941,"","","","","","","","","","","","",""
"942",942,"","","","","","","","","","","","",""
"943",943,"","","","","","","","","","","","",""
"944",944,"","","","","","","","","","","","",""
"945",945,"","","","","","","","","","","","",""
"946",946,"","","","","","","","","","","","",""
"947",947,"","","","","","","","","","","","",""
"948",948,"","","","","","","","","","","","",""
"949",949,"","","","","","","","","","","","",""
"950",950,"","","","","","","","","","","","",""
"951",951,"","","","","","","","","","","","",""
"952",952,"","","","","","","","","","","","",""
"953",953,"","","","","","","","","","","","",""
"954",954,"","","","","","","","","","","","",""
"955",955,"","","","","","","","","","","","",""
"956",956,"","","","","","","","","","","","",""
"957",957,"","","","","","","","","","","","",""
"958",958,"","","","","","","","","","","","",""
"959",959,"","","","","","","","","","","","",""
"960",960,"","","","","","","","","","","","",""
"961",961,"","","","","","","","","","","","",""
"962",962,"","","","","","","","","","","","",""
"963",963,"","","","","","","","","","","","",""
"964",964,"","","","","","","","","","","","",""
"965",965,"","","","","","","","","","","","",""
"966",966,"","","","","","","","","","","","",""
"967",967,"","","","","","","","","","","","",""
"968",968,"","","","","","","","","","","","",""
"969",969,"","","","","","","","","","","","",""
"970",970,"","","","","","","","","","","","",""
"971",971,"","","","","","","","","","","","",""
"972",972,"","","","","","","","","","","","",""
"973",973,"","","","","","","","","","","","",""
"974",974,"","","","","","","","","","","","",""
"975",975,"","","","","","","","","","","","",""
"976",976,"","","","","","","","","","","","",""
"977",977,"","","","","","","","","","","","",""
"978",978,"","","","","","","","","","","","",""
"979",979,"","","","","","","","","","","","",""
"980",980,"","","","","","","","","","","","",""
"981",981,"","","","","","","","","","","","",""
"982",982,"","","","","","","","","","","","",""
"983",983,"","","","d","","","","","","","","",""
"984",984,"","","","","","","","","","","","",""
"985",985,"","","","","","","","","","","","",""
"986",986,"","","","","","","","","","","","",""
"987",987,"","","","","","","","","","","","",""
"988",988,"","","","","","","","","","","","",""
"989",989,"","","","","","","","","","","","",""
"990",990,"","","","","","","","","","","","",""
"991",991,"","","","","","","","","","","","",""
"992",992,"","","","","","","","","","","","",""
"993",993,"","","","","","","","","","","","",""
"994",994,"","","","","","","","","","","","",""
"995",995,"","","","","","","","","","","","",""
"996",996,"","","","","","","","","","","","",""
"997",997,"","","","","","","","","","","","",""
"998",998,"","","","","","","","","","","","",""
"999",999,"","","","","","","","","","","","",""
"1000",1000,"","","","","","","","","","","","",""
"1001",1001,"","","","","","","","","","","","",""
"1002",1002,"","","","","","","","","","","","",""
"1003",1003,"","","","","","","","","","","","",""
"1004",1004,"","","","","","","","","","","","",""
"1005",1005,"","","","","","","","","","","","",""
"1006",1006,"","","","","","","","","","","","",""
"1007",1007,"","","","","","","","","","","","",""
"1008",1008,"","","","","","","","","","","","",""
"1009",1009,"","","","","","","","","","","","",""
"1010",1010,"","","","","","","","","","","","",""
"1011",1011,"","","","","","","","","","","","",""
"1012",1012,"","","","","","","","","","","","",""
"1013",1013,"","","","","","","","","","","","",""
"1014",1014,"","","","","","","","","","","","",""
"1015",1015,"","","","","","","","","","","","",""
"1016",1016,"","","","","","","","","","","","",""
"1017",1017,"","","","","","","","","","","","",""
"1018",1018,"","","","","","","","","","","","",""
"1019",1019,"","","","","","","","","","","","",""
"1020",1020,"","","","","","","","","","","","",""
"1021",1021,"","","","","","","","","","","","",""
"1022",1022,"","","","","","","","","","","","",""
"1023",1023,"","","","","","","","","","","","",""
"1024",1024,"","","","","","","","","","","","",""
"1025",1025,"","","","","","","","","","","","",""
"1026",1026,"","","","","","","","","","","","",""
"1027",1027,"","","","","","","","","","","","",""
"1028",1028,"","","","","","","","","","","","",""
"1029",1029,"","","","","","","","","","","","",""
"1030",1030,"","","","","","","","","","","","",""
"1031",1031,"","","","","","","","","","","","",""
"1032",1032,"","","","","","","","","","","","",""
"1033",1033,"","","","","","","","","","","","",""
"1034",1034,"","","","","","","","","","","","",""
"1035",1035,"","","","","","","","","","","","",""
"1036",1036,"","","","","","","","","","","","",""
"1037",1037,"","","","","","","","","","","","",""
"1038",1038,"","","","","","","","","","","","",""
"1039",1039,"","","","","","","","","","","","",""
"1040",1040,"","","","","","","","","","","","",""
"1041",1041,"","","","","","","","","","","","",""
"1042",1042,"","","","","","","","","","","","",""
"1043",1043,"","","","","","","","","","","","",""
"1044",1044,"","","","","","","","","","","","",""
"1045",1045,"","","","","","","","","","","","",""
"1046",1046,"","","","","","","","","","","","",""
"1047",1047,"","","","","","","","","","","","",""
"1048",1048,"","","","","","","","","","","","",""
"1049",1049,"","","","","","","","","","","","",""
"1050",1050,"","","","","","","","","","","","",""
"1051",1051,"","","","","","","","","","","","",""
"1052",1052,"","","","","","","","","","","","",""
"1053",1053,"","","","","","","","","","","","",""
"1054",1054,"","","","","","","","","","","","",""
"1055",1055,"","","","","","","","","","","","",""
"1056",1056,"","","","","","","","","","","","",""
"1057",1057,"","","","","","","","","","","","",""
"1058",1058,"","","","","","","","","","","","",""
"1059",1059,"","","","","","","","","","","","",""
"1060",1060,"","","","","","","","","","","","",""
"1061",1061,"","","","","","","","","","","","",""
"1062",1062,"","","","","","","","","","","","",""
"1063",1063,"","","","","","","","","","","","",""
"1064",1064,"","","","","","","","","","","","",""
"1065",1065,"","","","","","","","","","","","",""
"1066",1066,"","","","","","","","","","","","",""
"1067",1067,"","","","","","","","","","","","",""
"1068",1068,"","","","","","","","","","","","",""
"1069",1069,"","","","","","","","","","","","",""
"1070",1070,"","","","","","","","","","","","",""
"1071",1071,"","","","","","","","","","","","",""
"1072",1072,"","","","","","","","","","","","",""
"1073",1073,"","","","","","","","","","","","",""
"1074",1074,"","","","","","","","","","","","",""
"1075",1075,"","","","","","","","","","","","",""
"1076",1076,"","","","","","","","","","","","",""
"1077",1077,"","","","","","","","","","","","",""
"1078",1078,"","","","","","","","","","","","",""
"1079",1079,"","","","","","","","","","","","",""
"1080",1080,"","","","","","","","","","","","",""
"1081",1081,"","","","","","","","","","","","",""
"1082",1082,"","","","","","","","","","","","",""
"1083",1083,"","","","","","","","","","","","",""
"1084",1084,"","","","","","","","","","","","",""
"1085",1085,"","","","","","","","","","","","",""
"1086",1086,"","","","","","","","","","","","",""
"1087",1087,"","","","","","","","","","","","",""
"1088",1088,"","","","","","","","","","","","",""
"1089",1089,"","","","","","","","","","","","",""
"1090",1090,"","","","","","","","","","","","",""
"1091",1091,"","","","","","","","","","","","",""
"1092",1092,"","","","","","","","","","","","",""
"1093",1093,"","","","","","","","","","","","",""
"1094",1094,"","","","","","","","","","","","",""
"1095",1095,"","","","","","","","","","","","",""
"1096",1096,"","","","","","","","","","","","",""
"1097",1097,"","","","","","","","","","","","",""
"1098",1098,"","","","d","","","","","","","","",""
"1099",1099,"","","","e","","","","","","","","",""
"1100",1100,"","","","","","","","","","","","",""
"1101",1101,"","","","","","","","","","","","",""
"1102",1102,"","","","","","","","","","","","",""
"1103",1103,"","","","","","","","","","","","",""
"1104",1104,"","","","","","","","","","","","",""
"1105",1105,"","","","","","","","","","","","",""
"1106",1106,"","","","","","","","","","","","",""
"1107",1107,"","","","","","","","","","","","",""
"1108",1108,"","","","","","","","","","","","",""
"1109",1109,"","","","","","","","","","","","",""
"1110",1110,"","","","","","","","","","","","",""
"1111",1111,"","","","","","","","","","","","",""
"1112",1112,"","","","","","","","","","","","",""
"1113",1113,"","","","","","","","","","","","",""
"1114",1114,"","","","","","","","","","","","",""
"1115",1115,"","","","","","","","","","","","",""
"1116",1116,"","","","","","","","","","","","",""
"1117",1117,"","","","","","","","","","","","",""
"1118",1118,"","","","","","d","","","","","","",""
"1119",1119,"","","","","","","","","","","","",""
"1120",1120,"","","","","","","","","","","","",""
"1121",1121,"","","","","","","","","","","","",""
"1122",1122,"","","","","","","","","","","","",""
"1123",1123,"","","","","","d","","","","","","",""
"1124",1124,"","","","","","","","","","","","",""
"1125",1125,"","","","","","","","","","","","",""
"1126",1126,"","","","","","","","","","","","",""
"1127",1127,"","","","","","","","","","","","",""
"1128",1128,"","","","","","","","","","","","",""
"1129",1129,"","","","","","","","","","","","",""
"1130",1130,"","","","","","","","","","","","",""
"1131",1131,"","","","","","","","","","","","",""
"1132",1132,"","","","","","","","","","","","",""
"1133",1133,"","","","","","","","","","","","",""
"1134",1134,"","","","","","","","","","","","",""
"1135",1135,"","","","","","","","","","","","",""
"1136",1136,"","","","","","","","","","","","",""
"1137",1137,"","","","","","","","","","","","",""
"1138",1138,"","","","","","","","","","","","",""
"1139",1139,"","","","","","","","","","","","",""
"1140",1140,"","","","","","","","","","","","",""
"1141",1141,"","","","","","","","","","","","",""
"1142",1142,"","","","","","","","","","","","",""
"1143",1143,"","","","","","","","","","","","",""
"1144",1144,"","","","","","","","","","","","",""
"1145",1145,"","","","","","","","","","","","",""
"1146",1146,"","","","","","","","","","","","",""
"1147",1147,"","","","","","","","","","","","",""
"1148",1148,"","","","","","","","","","","","",""
"1149",1149,"","","","","","","","","","","","",""
"1150",1150,"","","","","","","","","","","","",""
"1151",1151,"","","","","","","","","","","","",""
"1152",1152,"","","","","","","","","","","","",""
"1153",1153,"","","","","","","","","","","","",""
"1154",1154,"","","","","","","","","","","","",""
"1155",1155,"","","","","","","","","","","","",""
"1156",1156,"","","","","","","","","","","","",""
"1157",1157,"","","","","","","","","","","","",""
"1158",1158,"","","","","","","","","","","","",""
"1159",1159,"","","","","","","","","","","","",""
"1160",1160,"","","","","","","","","","","","",""
"1161",1161,"","","","","","","","","","","","",""
"1162",1162,"","","","","","","","","","","","",""
"1163",1163,"","","","","","","","","","","","",""
"1164",1164,"","","","","","","","","","","","",""
"1165",1165,"","","","","","","","","","","","",""
"1166",1166,"","","","","","","","","","","","",""
"1167",1167,"","","","","","","","","","","","",""
"1168",1168,"","","","","","","","","","","","",""
"1169",1169,"","","","","","","","","","","","",""
"1170",1170,"","","","","","","","","","","","",""
"1171",1171,"","","","","","","","","","","","",""
"1172",1172,"","","","","","","","","","","","",""
"1173",1173,"","","","","","","","","","","","",""
"1174",1174,"","","","","","","","","","","","",""
"1175",1175,"","","","","","","","","","","","",""
"1176",1176,"","","","","","","","","","","","",""
"1177",1177,"","","","","","","","","","","","",""
"1178",1178,"","","","","","","","","","","","",""
"1179",1179,"","","","","","","","","","","","",""
"1180",1180,"","","","","","","","","","","","",""
"1181",1181,"","","","","","","","","","","","",""
"1182",1182,"","","","","","","","","","","","",""
"1183",1183,"","","","","","","","","","","","",""
"1184",1184,"","","","","","","","","","","","",""
"1185",1185,"","","","","","","","","","","","",""
"1186",1186,"","","","","","","","","","","","",""
"1187",1187,"","","","","","","","","","","","",""
"1188",1188,"","","","","","","","","","","","",""
"1189",1189,"","","","","","","","","","","","",""
"1190",1190,"","","","","","","","","","","","",""
"1191",1191,"","","","","","","","","","","","",""
"1192",1192,"","","","","","","","","","","","",""
"1193",1193,"","","","","","","","","","","","",""
"1194",1194,"","","","","","","","","","","","",""
"1195",1195,"","","","","","","","","","","","",""
"1196",1196,"","","","","","","","","","","","",""
"1197",1197,"","","","","","","","","","","","",""
"1198",1198,"","","","","","","","","","","","",""
"1199",1199,"","","","","","","","","","","","",""
"1200",1200,"","","","","","","","","","","","",""
"1201",1201,"","","","","","","","","","","","",""
"1202",1202,"","","","","","","","","","","","",""
"1203",1203,"","","","","","","","","","","","",""
"1204",1204,"","","","","","","","","","","","",""
"1205",1205,"","","","","","","","","","","","",""
"1206",1206,"","","","","","","","","","","","",""
"1207",1207,"","","","","","","","","","","","",""
"1208",1208,"","","","","","","","","","","","",""
"1209",1209,"","","","","","","","","","","","",""
"1210",1210,"","","","","","","","","","","","",""
"1211",1211,"","","","","","","","","","","","",""
"1212",1212,"","","","","","","","","","","","",""
"1213",1213,"","","","","","","","","","","","",""
"1214",1214,"","","","","","","","","","","","",""
"1215",1215,"","","","","","","","","","","","",""
"1216",1216,"","","","","","","","","","","","",""
"1217",1217,"","","","","","","","","","","","",""
"1218",1218,"","","","","","","","","","","","",""
"1219",1219,"","","","","","","","","","","","",""
"1220",1220,"","","","","","","","","","","","",""
"1221",1221,"","","","","","","","","","","","",""
"1222",1222,"","","","","","","","","","","","",""
"1223",1223,"","","","","","","","","","","","",""
"1224",1224,"","","","","","","","","","","","",""
"1225",1225,"","","","","","","","","","","","",""
"1226",1226,"","","","","","","","","","","","",""
"1227",1227,"","","","","","","","","","","","",""
"1228",1228,"","","","","","","","","","","","",""
"1229",1229,"","","","","","","","","","","","",""
"1230",1230,"","","","","","","","","","","","",""
"1231",1231,"","","","","","","","","","","","",""
"1232",1232,"","","","","","","","","","","","",""
"1233",1233,"","","","","","","","","","","","",""
"1234",1234,"","","","","","","","","","","","",""
"1235",1235,"","","","","","","","","","","","",""
"1236",1236,"","","","","","","","","","","","",""
"1237",1237,"","","","","","","","","","","","",""
"1238",1238,"","","","","","","","","","","","",""
"1239",1239,"","","","","","","","","","","","",""
"1240",1240,"","","","","","","","","","","","",""
"1241",1241,"","","","","","","","","","","","",""
"1242",1242,"","","","","","","","","","","","",""
"1243",1243,"","","","","","","","","","","","",""
"1244",1244,"","","","","","","","","","","d","",""
"1245",1245,"","","","","","","","","","","","",""
"1246",1246,"","","","","","","","","","","d","",""
"1247",1247,"","","","","","","","","","","","",""
"1248",1248,"","","","","","","","","","","","",""
"1249",1249,"","","","e","","","","","","","","",""
"1250",1250,"","","","","","","","","","","","",""
"1251",1251,"","","","","","","","","","","","",""
"1252",1252,"","","","","","","","","","","d","",""
"1253",1253,"","","","","","","","","","","","",""
"1254",1255,NA,"","",NA,NA,NA,"",NA,"",NA,"",NA,""
"1255",1256,NA,"","",NA,NA,NA,"",NA,"",NA,"",NA,""
"1256",1257,NA,"","",NA,NA,NA,"",NA,"",NA,"",NA,""
"1257",1258,NA,"","",NA,NA,NA,"",NA,"",NA,"",NA,""
"1258",1259,NA,"","",NA,NA,NA,"",NA,"",NA,"d",NA,""
"1259",1260,NA,"","",NA,NA,NA,"",NA,"",NA,"d",NA,""
"1260",1261,NA,"","",NA,NA,NA,"",NA,"",NA,"",NA,""
"1261",1262,NA,"","",NA,NA,NA,"",NA,"",NA,"",NA,""
"1262",1263,NA,"","",NA,NA,NA,"",NA,"",NA,"d",NA,""
"1263",1264,NA,"","",NA,NA,NA,"",NA,"",NA,"",NA,""
"1264",1265,NA,"","",NA,NA,NA,"",NA,"",NA,"",NA,""
"1265",1266,NA,"","",NA,NA,NA,"",NA,"",NA,"",NA,""
"1266",1267,NA,"","",NA,NA,NA,"",NA,"",NA,"",NA,""
"1267",1268,NA,"","",NA,NA,NA,"",NA,"",NA,"",NA,""
"1268",1269,NA,"","",NA,NA,NA,"",NA,"",NA,"",NA,""
"1269",1270,NA,"","",NA,NA,NA,"",NA,"",NA,"",NA,""
"1270",1271,NA,"","",NA,NA,NA,"",NA,"",NA,"",NA,""
"1271",1272,NA,"","",NA,NA,NA,"",NA,"",NA,"",NA,""
"1272",1273,NA,"","",NA,NA,NA,"",NA,"",NA,"",NA,""
"1273",1274,NA,"","",NA,NA,NA,"",NA,"",NA,"",NA,""
"1274",1275,NA,"","",NA,NA,NA,"",NA,"",NA,"",NA,""
"1275",1276,NA,"","",NA,NA,NA,"",NA,"",NA,"",NA,""
"1276",1277,NA,"","",NA,NA,NA,"",NA,"",NA,"",NA,""
"1277",1278,NA,"","",NA,NA,NA,"",NA,"",NA,"",NA,""
"1278",1279,NA,"","",NA,NA,NA,"",NA,"",NA,"",NA,""
"1279",1280,NA,"","",NA,NA,NA,"",NA,"",NA,"",NA,""
"1280",1281,NA,"","",NA,NA,NA,"",NA,"",NA,"",NA,""
"1281",1282,NA,"","",NA,NA,NA,"",NA,"",NA,"",NA,""
"1282",1283,NA,"","",NA,NA,NA,"",NA,"",NA,"",NA,""
"1283",1284,NA,"","",NA,NA,NA,"",NA,"",NA,"",NA,""
"1284",1285,NA,"","",NA,NA,NA,"",NA,"",NA,"",NA,""
"1285",1286,NA,"","",NA,NA,NA,"",NA,"",NA,"",NA,""
"1286",1287,NA,"","",NA,NA,NA,"",NA,"",NA,"",NA,""
"1287",1288,NA,"","",NA,NA,NA,"",NA,"",NA,"",NA,""
"1288",1289,NA,"","",NA,NA,NA,"",NA,"",NA,"",NA,""
"1289",1290,NA,"","",NA,NA,NA,"",NA,"",NA,"",NA,""
"1290",1291,NA,"","",NA,NA,NA,"",NA,"",NA,"",NA,""
"1291",1292,NA,"","",NA,NA,NA,"",NA,"",NA,"",NA,""
"1292",1293,NA,"","",NA,NA,NA,"",NA,"",NA,"",NA,""
"1293",1294,NA,"","",NA,NA,NA,"",NA,"",NA,"",NA,""
"1294",1295,NA,"","",NA,NA,NA,"",NA,"",NA,"",NA,""
"1295",1296,NA,"","",NA,NA,NA,"",NA,"",NA,"",NA,""
"1296",1297,NA,"","",NA,NA,NA,"",NA,"",NA,"",NA,""
"1297",1298,NA,"","",NA,NA,NA,"",NA,"",NA,"",NA,""
"1298",1299,NA,"","",NA,NA,NA,"",NA,"",NA,"",NA,""
"1299",1300,NA,"","",NA,NA,NA,"",NA,"",NA,"",NA,""
"1300",1301,NA,"","",NA,NA,NA,"",NA,"",NA,"",NA,""
"1301",1302,NA,"","",NA,NA,NA,"",NA,"",NA,"",NA,""
"1302",1303,NA,"","",NA,NA,NA,"",NA,"",NA,"",NA,""
"1303",1304,NA,"","",NA,NA,NA,"",NA,"",NA,"",NA,""
"1304",1305,NA,"","",NA,NA,NA,"",NA,"",NA,"",NA,""
"1305",1306,NA,"","",NA,NA,NA,"",NA,"",NA,"",NA,""
"1306",1307,NA,"","",NA,NA,NA,"",NA,"",NA,"",NA,""
"1307",1308,NA,"","",NA,NA,NA,"",NA,"",NA,"",NA,""
"1308",1309,NA,"","",NA,NA,NA,"",NA,"",NA,"",NA,""
"1309",1310,NA,"","",NA,NA,NA,"",NA,"",NA,"",NA,""
"1310",1311,NA,"","",NA,NA,NA,"",NA,"",NA,"",NA,""
"1311",1312,NA,"","",NA,NA,NA,"",NA,"",NA,"",NA,""
"1312",1313,NA,"","",NA,NA,NA,"",NA,"",NA,"",NA,""
"1313",1314,NA,"","",NA,NA,NA,"",NA,"",NA,"",NA,""
"1314",1315,NA,"","",NA,NA,NA,"",NA,"",NA,"",NA,""
"1315",1316,NA,"","",NA,NA,NA,"",NA,"",NA,"",NA,""
"1316",1317,NA,"","",NA,NA,NA,"",NA,"",NA,"",NA,""
"1317",1318,NA,"","",NA,NA,NA,"",NA,"",NA,"",NA,""
"1318",1319,NA,"","",NA,NA,NA,"",NA,"",NA,"",NA,""
"1319",1320,NA,"","",NA,NA,NA,"",NA,"",NA,"",NA,""
"1320",1321,NA,"","",NA,NA,NA,"",NA,"",NA,"",NA,""
"1321",1322,NA,"","",NA,NA,NA,"",NA,"",NA,"",NA,""
"1322",1323,NA,"","",NA,NA,NA,"",NA,"",NA,"",NA,""
"1323",1324,NA,"","",NA,NA,NA,"",NA,"",NA,"",NA,""
"1324",1325,NA,"","",NA,NA,NA,"",NA,"",NA,"",NA,""
"1325",1326,NA,"","",NA,NA,NA,"",NA,"",NA,"",NA,""
"1326",1327,NA,"","",NA,NA,NA,"",NA,"",NA,"",NA,""
"1327",1328,NA,"","",NA,NA,NA,"",NA,"",NA,"",NA,""
"1328",1329,NA,"","",NA,NA,NA,"",NA,"",NA,"",NA,""
"1329",1330,NA,"","",NA,NA,NA,"",NA,"",NA,"",NA,""
"1330",1331,NA,"","",NA,NA,NA,"",NA,"",NA,"",NA,""
"1331",1332,NA,"","",NA,NA,NA,"",NA,"",NA,"",NA,""
"1332",1333,NA,"","",NA,NA,NA,"",NA,"",NA,"",NA,""
"1333",1334,NA,"","",NA,NA,NA,"",NA,"",NA,"",NA,""
"1334",1335,NA,"","",NA,NA,NA,"",NA,"",NA,"",NA,""
"1335",1336,NA,"","",NA,NA,NA,"",NA,"",NA,"",NA,""
"1336",1337,NA,"","",NA,NA,NA,"",NA,"",NA,"",NA,""
"1337",1338,NA,"","",NA,NA,NA,"",NA,"d",NA,"",NA,""
"1338",1339,NA,"","",NA,NA,NA,"",NA,"",NA,"",NA,""
"1339",1340,NA,"","",NA,NA,NA,"",NA,"",NA,"",NA,""
"1340",1341,NA,"","",NA,NA,NA,"",NA,"",NA,"",NA,""
"1341",1342,NA,"","",NA,NA,NA,"",NA,"",NA,"",NA,""
"1342",1343,NA,"","",NA,NA,NA,"",NA,"",NA,"",NA,""
"1343",1344,NA,"","",NA,NA,NA,"",NA,"",NA,"",NA,""
"1344",1345,NA,"","",NA,NA,NA,"",NA,"",NA,"",NA,""
"1345",1346,NA,"","",NA,NA,NA,"",NA,"",NA,"",NA,""
"1346",1347,NA,"","",NA,NA,NA,"",NA,"",NA,"",NA,""
"1347",1348,NA,"","",NA,NA,NA,"",NA,"",NA,"",NA,""
"1348",1349,NA,"","",NA,NA,NA,"",NA,"",NA,"",NA,""
"1349",1350,NA,"","",NA,NA,NA,"",NA,"",NA,"",NA,""
"1350",1351,NA,"","",NA,NA,NA,"",NA,"",NA,"",NA,""
"1351",1352,NA,"","",NA,NA,NA,"",NA,"",NA,"",NA,""
"1352",1353,NA,"","",NA,NA,NA,"",NA,"",NA,"",NA,""
"1353",1354,NA,"","",NA,NA,NA,"",NA,"",NA,"",NA,""
"1354",1355,NA,"","",NA,NA,NA,"",NA,"",NA,"",NA,""
"1355",1356,NA,"","",NA,NA,NA,"",NA,"",NA,"",NA,""
"1356",1357,NA,"","",NA,NA,NA,"",NA,"",NA,"",NA,""
"1357",1358,NA,"","",NA,NA,NA,"",NA,"",NA,"",NA,""
"1358",1359,NA,"","",NA,NA,NA,"",NA,"",NA,"",NA,""
"1359",1360,NA,"","",NA,NA,NA,"",NA,"",NA,"",NA,""
"1360",1361,NA,"","",NA,NA,NA,"",NA,"",NA,"",NA,""
"1361",1362,NA,"","",NA,NA,NA,"",NA,"",NA,"",NA,""
"1362",1363,NA,"","",NA,NA,NA,"",NA,"",NA,"",NA,""
"1363",1364,NA,"","",NA,NA,NA,"",NA,"",NA,"",NA,""
"1364",1365,NA,"","",NA,NA,NA,"d",NA,"",NA,"",NA,""
"1365",1366,NA,"","",NA,NA,NA,"d",NA,"",NA,"",NA,""
"1366",1367,NA,"","",NA,NA,NA,"",NA,"",NA,"",NA,""
"1367",1368,NA,"","",NA,NA,NA,"",NA,"",NA,"",NA,""
"1368",1369,NA,"","",NA,NA,NA,"",NA,"",NA,"",NA,""
"1369",1370,NA,"","",NA,NA,NA,"",NA,"",NA,"",NA,""
"1370",1371,NA,"","",NA,NA,NA,"",NA,"",NA,"",NA,""
"1371",1372,NA,"","",NA,NA,NA,"",NA,"",NA,"",NA,""
"1372",1373,NA,"","",NA,NA,NA,"",NA,"",NA,"",NA,""
"1373",1374,NA,"e","",NA,NA,NA,"",NA,"",NA,"",NA,""
"1374",1375,NA,"","",NA,NA,NA,"",NA,"",NA,"",NA,""
"1375",1376,NA,"","",NA,NA,NA,"",NA,"",NA,"",NA,""
"1376",1377,NA,"","",NA,NA,NA,"",NA,"",NA,"",NA,""
"1377",1378,NA,"","",NA,NA,NA,"",NA,"",NA,"",NA,""
"1378",1379,NA,"","",NA,NA,NA,"",NA,"",NA,"",NA,""
"1379",1380,NA,"","",NA,NA,NA,"",NA,"",NA,"",NA,""
"1380",1381,NA,"","",NA,NA,NA,"",NA,"",NA,"",NA,""
"1381",1382,NA,"","",NA,NA,NA,"",NA,"",NA,"",NA,""
"1382",1383,NA,"","d",NA,NA,NA,"",NA,"",NA,"",NA,""
"1383",1384,NA,"","e",NA,NA,NA,"",NA,"",NA,"",NA,""
"1384",1385,NA,"","",NA,NA,NA,"",NA,"",NA,"",NA,""
"1385",1386,NA,"","",NA,NA,NA,"",NA,"",NA,"",NA,""
"1386",1387,NA,"","",NA,NA,NA,"",NA,"",NA,"",NA,""
"1387",1388,NA,"","d,e",NA,NA,NA,"",NA,"",NA,"",NA,""
"1388",1389,NA,"","",NA,NA,NA,"",NA,"",NA,"",NA,""
"1389",1390,NA,"","",NA,NA,NA,"",NA,"",NA,"",NA,""
"1390",1391,NA,"","",NA,NA,NA,"",NA,"",NA,"",NA,""
"1391",1392,NA,"","",NA,NA,NA,"",NA,"",NA,"",NA,""
"1392",1393,NA,"","",NA,NA,NA,"",NA,"",NA,"",NA,""
"1393",1394,NA,"","",NA,NA,NA,"",NA,"",NA,"",NA,""
"1394",1395,NA,"","",NA,NA,NA,"",NA,"",NA,"",NA,""
"1395",1396,NA,"","",NA,NA,NA,"",NA,"",NA,"",NA,""
"1396",1397,NA,"","",NA,NA,NA,"",NA,"",NA,"",NA,""
"1397",1398,NA,"","",NA,NA,NA,"",NA,"",NA,"",NA,""
"1398",1399,NA,"","",NA,NA,NA,"",NA,"",NA,"",NA,""
"1399",1400,NA,"","",NA,NA,NA,"",NA,"",NA,"",NA,""
"1400",1401,NA,"","",NA,NA,NA,"",NA,"",NA,"",NA,""
"1401",1402,NA,"","",NA,NA,NA,"",NA,"",NA,"",NA,""
"1402",1403,NA,"","",NA,NA,NA,"",NA,"",NA,"",NA,""
"1403",1404,NA,"","",NA,NA,NA,"",NA,"",NA,"",NA,""
"1404",1405,NA,"","",NA,NA,NA,"",NA,"",NA,"",NA,""
"1405",1406,NA,"","",NA,NA,NA,"",NA,"",NA,"",NA,""
"1406",1407,NA,"","",NA,NA,NA,"",NA,"",NA,"",NA,""
"1407",1408,NA,"","",NA,NA,NA,"",NA,"",NA,"",NA,""
"1408",1409,NA,"","",NA,NA,NA,"",NA,"",NA,"",NA,""
"1409",1410,NA,"","",NA,NA,NA,"",NA,"",NA,"",NA,""
"1410",1411,NA,"","",NA,NA,NA,"",NA,"",NA,"",NA,""
"1411",1412,NA,"","",NA,NA,NA,"",NA,"",NA,"",NA,""
"1412",1413,NA,"","",NA,NA,NA,"",NA,"",NA,"",NA,""
"1413",1414,NA,"","",NA,NA,NA,"",NA,"",NA,"",NA,""
"1414",1415,NA,"","",NA,NA,NA,"",NA,"",NA,"",NA,""
"1415",1416,NA,"","",NA,NA,NA,"",NA,"",NA,"",NA,""
"1416",1417,NA,"","",NA,NA,NA,"",NA,"",NA,"",NA,""
"1417",1418,NA,"","",NA,NA,NA,"",NA,"",NA,"",NA,""
"1418",1419,NA,"","",NA,NA,NA,"",NA,"",NA,"",NA,""
"1419",1420,NA,"","",NA,NA,NA,"",NA,"",NA,"",NA,""
"1420",1421,NA,"","",NA,NA,NA,"",NA,"",NA,"",NA,""
"1421",1422,NA,"","",NA,NA,NA,"",NA,"",NA,"",NA,""
"1422",1423,NA,"","",NA,NA,NA,"",NA,"",NA,"",NA,""
"1423",1424,NA,"","",NA,NA,NA,"",NA,"",NA,"",NA,""
"1424",1425,NA,"","",NA,NA,NA,"",NA,"",NA,"",NA,""
"1425",1426,NA,"","",NA,NA,NA,"",NA,"",NA,"",NA,""
"1426",1427,NA,"","",NA,NA,NA,"",NA,"",NA,"",NA,""
"1427",1428,NA,"","",NA,NA,NA,"",NA,"",NA,"",NA,""
"1428",1429,NA,"","",NA,NA,NA,"",NA,"",NA,"",NA,""
"1429",1430,NA,"","",NA,NA,NA,"",NA,"",NA,"",NA,""
"1430",1431,NA,"","",NA,NA,NA,"",NA,"",NA,"",NA,""
"1431",1432,NA,"","",NA,NA,NA,"",NA,"",NA,"",NA,""
"1432",1433,NA,"","",NA,NA,NA,"",NA,"e",NA,"",NA,""
"1433",1434,NA,"","",NA,NA,NA,"",NA,"d",NA,"",NA,""
"1434",1435,NA,"","",NA,NA,NA,"",NA,"",NA,"",NA,""
"1435",1436,NA,"","",NA,NA,NA,"",NA,"",NA,"",NA,""
"1436",1437,NA,"","",NA,NA,NA,"",NA,"d",NA,"",NA,""
"1437",1438,NA,"","",NA,NA,NA,"",NA,"e",NA,"",NA,""
"1438",1439,NA,"","",NA,NA,NA,"",NA,"e",NA,"",NA,""
"1439",1440,NA,"","",NA,NA,NA,"",NA,"e",NA,"",NA,"off"
