"realtime","subject","side","cohort","day"
0,"M3","right",37,6
1,"M3","right",37,6
2,"M3","right",37,6
3,"M3","right",37,6
4,"M3","right",37,6
5,"M3","left",37,6
6,"M3","right",37,6
7,"M3","right",37,6
8,"M3","right",37,6
9,"M3","left",37,6
9,"M3","right",37,6
14,"M3","left",37,6
16,"M1","right",37,6
16,"M3","right",37,6
17,"M1","left",37,6
17,"M1","right",37,6
17,"M3","right",37,6
18,"M1","right",37,6
18,"M3","right",37,6
19,"M3","right",37,6
20,"M1","left",37,6
20,"M3","right",37,6
21,"M1","left",37,6
21,"M1","right",37,6
21,"M3","right",37,6
22,"M10","left",37,6
22,"M1","right",37,6
22,"M3","right",37,6
23,"M10","left",37,6
23,"M7","right",37,6
23,"M10","right",37,6
24,"M7","left",37,6
24,"M7","right",37,6
24,"M10","right",37,6
25,"M1","right",37,6
25,"M3","right",37,6
25,"M7","right",37,6
26,"M7","left",37,6
26,"M3","right",37,6
27,"M1","right",37,6
27,"M3","right",37,6
28,"M7","left",37,6
28,"M1","right",37,6
28,"M3","right",37,6
28,"M7","right",37,6
28,"M10","right",37,6
29,"M7","right",37,6
29,"M10","right",37,6
30,"M10","right",37,6
31,"M10","right",37,6
32,"M7","left",37,6
36,"M7","right",37,6
37,"M2","left",37,6
37,"M7","right",37,6
50,"M2","left",37,6
52,"M2","right",37,6
53,"M2","left",37,6
53,"M2","right",37,6
55,"M11","left",37,6
55,"M11","right",37,6
56,"M11","right",37,6
57,"M11","right",37,6
58,"M4","right",37,6
58,"M7","right",37,6
59,"M1","left",37,6
59,"M2","left",37,6
59,"M11","left",37,6
59,"M4","right",37,6
59,"M7","right",37,6
60,"M2","left",37,6
60,"M7","left",37,6
60,"M10","left",37,6
60,"M11","left",37,6
60,"M7","right",37,6
61,"M1","left",37,6
61,"M7","left",37,6
61,"M10","left",37,6
61,"M11","left",37,6
61,"M7","right",37,6
61,"M9","right",37,6
62,"M4","left",37,6
62,"M7","left",37,6
62,"M11","left",37,6
62,"M4","right",37,6
62,"M9","right",37,6
63,"M4","left",37,6
63,"M7","left",37,6
63,"M10","left",37,6
63,"M1","right",37,6
63,"M4","right",37,6
63,"M11","right",37,6
64,"M4","left",37,6
64,"M1","right",37,6
64,"M9","right",37,6
65,"M4","left",37,6
65,"M11","left",37,6
65,"M9","right",37,6
65,"M11","right",37,6
66,"M10","left",37,6
66,"M4","right",37,6
67,"M10","left",37,6
67,"M6","right",37,6
67,"M9","right",37,6
68,"M6","right",37,6
68,"M10","right",37,6
69,"M7","left",37,6
69,"M8","left",37,6
69,"M6","right",37,6
70,"M1","left",37,6
70,"M2","right",37,6
70,"M6","right",37,6
70,"M7","right",37,6
71,"M1","left",37,6
71,"M4","left",37,6
71,"M7","left",37,6
71,"M9","left",37,6
71,"M7","right",37,6
72,"M4","left",37,6
72,"M7","left",37,6
72,"M9","left",37,6
72,"M6","right",37,6
73,"M4","left",37,6
73,"M6","left",37,6
73,"M7","left",37,6
73,"M6","right",37,6
74,"M1","left",37,6
74,"M6","left",37,6
74,"M8","left",37,6
74,"M4","right",37,6
75,"M6","left",37,6
75,"M8","left",37,6
75,"M10","left",37,6
76,"M2","right",37,6
78,"M2","left",37,6
81,"M4","left",37,6
82,"M2","left",37,6
82,"M2","right",37,6
86,"M2","right",37,6
88,"M2","right",37,6
88,"M9","right",37,6
90,"M6","left",37,6
91,"M6","left",37,6
91,"M2","right",37,6
93,"M2","left",37,6
95,"M2","left",37,6
95,"M6","right",37,6
100,"M4","left",37,6
101,"M2","left",37,6
102,"M2","left",37,6
103,"M2","left",37,6
108,"M2","left",37,6
112,"M4","left",37,6
113,"M2","left",37,6
115,"M4","left",37,6
116,"M4","left",37,6
116,"M9","right",37,6
117,"M2","left",37,6
117,"M9","right",37,6
121,"M2","left",37,6
122,"M2","right",37,6
124,"M10","left",37,6
125,"M9","right",37,6
126,"M4","left",37,6
127,"M4","left",37,6
128,"M4","left",37,6
128,"M10","right",37,6
129,"M4","left",37,6
129,"M10","right",37,6
130,"M2","left",37,6
130,"M4","left",37,6
130,"M9","left",37,6
130,"M10","left",37,6
131,"M4","left",37,6
131,"M8","left",37,6
131,"M9","left",37,6
131,"M10","left",37,6
132,"M4","left",37,6
132,"M8","left",37,6
132,"M9","left",37,6
132,"M10","left",37,6
132,"M9","right",37,6
133,"M4","left",37,6
133,"M8","left",37,6
133,"M9","left",37,6
133,"M10","left",37,6
133,"M9","right",37,6
134,"M4","left",37,6
134,"M8","left",37,6
134,"M9","left",37,6
134,"M10","left",37,6
134,"M9","right",37,6
135,"M4","left",37,6
135,"M8","left",37,6
135,"M9","left",37,6
135,"M10","left",37,6
135,"M6","right",37,6
136,"M4","left",37,6
136,"M8","left",37,6
136,"M10","left",37,6
137,"M8","left",37,6
137,"M10","left",37,6
138,"M8","left",37,6
138,"M9","left",37,6
138,"M10","left",37,6
139,"M4","left",37,6
139,"M8","left",37,6
139,"M9","left",37,6
139,"M10","left",37,6
139,"M9","right",37,6
140,"M4","left",37,6
140,"M8","left",37,6
140,"M10","left",37,6
140,"M6","right",37,6
141,"M4","left",37,6
141,"M7","left",37,6
141,"M8","left",37,6
141,"M9","left",37,6
141,"M6","right",37,6
142,"M7","left",37,6
142,"M9","left",37,6
143,"M1","left",37,6
143,"M7","left",37,6
143,"M8","left",37,6
143,"M9","left",37,6
144,"M1","left",37,6
144,"M7","left",37,6
144,"M9","left",37,6
145,"M1","left",37,6
145,"M7","left",37,6
145,"M9","left",37,6
146,"M1","left",37,6
146,"M6","left",37,6
146,"M7","left",37,6
146,"M9","left",37,6
147,"M1","left",37,6
147,"M6","left",37,6
147,"M7","left",37,6
147,"M10","left",37,6
147,"M6","right",37,6
147,"M7","right",37,6
148,"M1","left",37,6
148,"M6","left",37,6
148,"M7","left",37,6
148,"M10","left",37,6
148,"M6","right",37,6
148,"M7","right",37,6
149,"M1","left",37,6
149,"M6","left",37,6
149,"M7","left",37,6
149,"M9","left",37,6
149,"M10","left",37,6
149,"M6","right",37,6
150,"M4","left",37,6
150,"M6","left",37,6
150,"M9","left",37,6
150,"M10","left",37,6
151,"M1","left",37,6
151,"M4","left",37,6
151,"M6","left",37,6
151,"M7","left",37,6
151,"M9","left",37,6
151,"M7","right",37,6
152,"M4","left",37,6
152,"M6","left",37,6
152,"M7","left",37,6
152,"M8","left",37,6
153,"M6","left",37,6
153,"M7","left",37,6
153,"M8","left",37,6
153,"M9","left",37,6
153,"M9","right",37,6
154,"M4","left",37,6
154,"M6","left",37,6
154,"M7","left",37,6
155,"M6","left",37,6
155,"M9","left",37,6
156,"M1","left",37,6
156,"M4","left",37,6
156,"M6","left",37,6
156,"M6","right",37,6
157,"M1","left",37,6
157,"M4","left",37,6
157,"M6","left",37,6
157,"M8","right",37,6
157,"M9","right",37,6
158,"M1","left",37,6
158,"M4","left",37,6
158,"M6","left",37,6
158,"M9","right",37,6
159,"M1","right",37,6
160,"M2","left",37,6
161,"M2","left",37,6
162,"M2","left",37,6
162,"M7","right",37,6
163,"M2","left",37,6
163,"M2","right",37,6
164,"M2","left",37,6
166,"M2","left",37,6
172,"M2","left",37,6
173,"M2","left",37,6
176,"M2","left",37,6
177,"M2","left",37,6
178,"M2","left",37,6
179,"M2","left",37,6
180,"M12","left",37,6
181,"M12","left",37,6
187,"M2","left",37,6
188,"M2","left",37,6
189,"M2","right",37,6
192,"M2","right",37,6
194,"M2","left",37,6
196,"M2","left",37,6
197,"M2","left",37,6
198,"M2","left",37,6
200,"M2","left",37,6
201,"M2","left",37,6
202,"M2","left",37,6
202,"M2","right",37,6
203,"M2","left",37,6
204,"M2","left",37,6
206,"M2","left",37,6
207,"M11","left",37,6
208,"M11","left",37,6
209,"M11","left",37,6
210,"M11","left",37,6
211,"M7","left",37,6
211,"M10","left",37,6
211,"M11","left",37,6
212,"M7","left",37,6
213,"M2","left",37,6
213,"M11","right",37,6
214,"M2","left",37,6
220,"M2","left",37,6
223,"M2","left",37,6
224,"M2","left",37,6
225,"M2","right",37,6
228,"M2","right",37,6
229,"M2","right",37,6
230,"M4","left",37,6
231,"M4","left",37,6
231,"M2","right",37,6
232,"M4","left",37,6
233,"M4","left",37,6
245,"M2","left",37,6
246,"M2","left",37,6
248,"M2","right",37,6
251,"M2","left",37,6
251,"M10","left",37,6
252,"M2","left",37,6
253,"M2","left",37,6
254,"M2","left",37,6
257,"M4","left",37,6
261,"M3","left",37,6
261,"M2","right",37,6
262,"M12","left",37,6
263,"M6","left",37,6
263,"M10","left",37,6
264,"M6","left",37,6
264,"M10","left",37,6
265,"M6","left",37,6
265,"M10","left",37,6
265,"M12","left",37,6
265,"M3","right",37,6
266,"M6","left",37,6
266,"M10","left",37,6
266,"M12","left",37,6
266,"M3","right",37,6
267,"M9","left",37,6
267,"M10","left",37,6
267,"M12","left",37,6
267,"M12","right",37,6
268,"M10","left",37,6
268,"M12","left",37,6
268,"M10","right",37,6
268,"M12","right",37,6
269,"M10","left",37,6
269,"M12","left",37,6
269,"M2","right",37,6
269,"M10","right",37,6
270,"M10","left",37,6
270,"M12","left",37,6
270,"M2","right",37,6
270,"M12","right",37,6
271,"M9","left",37,6
271,"M10","left",37,6
271,"M12","left",37,6
271,"M6","right",37,6
271,"M9","right",37,6
271,"M10","right",37,6
271,"M12","right",37,6
272,"M5","left",37,6
272,"M8","left",37,6
272,"M6","right",37,6
273,"M8","left",37,6
273,"M10","left",37,6
273,"M12","left",37,6
273,"M6","right",37,6
273,"M9","right",37,6
274,"M1","left",37,6
274,"M8","left",37,6
274,"M10","left",37,6
274,"M6","right",37,6
274,"M9","right",37,6
275,"M1","left",37,6
275,"M11","left",37,6
275,"M12","left",37,6
275,"M6","right",37,6
275,"M12","right",37,6
276,"M1","left",37,6
276,"M8","left",37,6
276,"M11","left",37,6
276,"M5","right",37,6
276,"M12","right",37,6
277,"M5","left",37,6
277,"M8","left",37,6
277,"M9","left",37,6
277,"M12","left",37,6
277,"M5","right",37,6
277,"M12","right",37,6
278,"M1","left",37,6
278,"M5","left",37,6
278,"M12","left",37,6
278,"M5","right",37,6
278,"M12","right",37,6
279,"M1","left",37,6
279,"M4","left",37,6
279,"M5","left",37,6
279,"M12","left",37,6
279,"M5","right",37,6
279,"M6","right",37,6
279,"M8","right",37,6
279,"M10","right",37,6
280,"M1","left",37,6
280,"M4","left",37,6
280,"M5","left",37,6
280,"M12","left",37,6
280,"M5","right",37,6
280,"M6","right",37,6
280,"M10","right",37,6
281,"M1","left",37,6
281,"M4","left",37,6
281,"M5","left",37,6
281,"M1","right",37,6
281,"M9","right",37,6
281,"M10","right",37,6
281,"M11","right",37,6
282,"M1","left",37,6
282,"M5","left",37,6
282,"M1","right",37,6
282,"M9","right",37,6
282,"M10","right",37,6
282,"M11","right",37,6
282,"M12","right",37,6
283,"M4","left",37,6
283,"M8","left",37,6
283,"M12","left",37,6
283,"M9","right",37,6
283,"M10","right",37,6
284,"M4","left",37,6
284,"M12","left",37,6
284,"M5","right",37,6
284,"M9","right",37,6
285,"M2","left",37,6
285,"M5","right",37,6
285,"M9","right",37,6
286,"M2","left",37,6
286,"M5","right",37,6
287,"M6","right",37,6
288,"M9","left",37,6
288,"M6","right",37,6
289,"M4","left",37,6
289,"M2","right",37,6
290,"M2","right",37,6
291,"M9","right",37,6
292,"M4","left",37,6
292,"M9","right",37,6
293,"M2","left",37,6
293,"M4","left",37,6
293,"M9","right",37,6
293,"M12","right",37,6
294,"M2","left",37,6
294,"M4","right",37,6
294,"M9","right",37,6
295,"M2","right",37,6
297,"M4","left",37,6
299,"M4","left",37,6
300,"M4","left",37,6
301,"M4","left",37,6
306,"M7","left",37,6
308,"M4","left",37,6
308,"M7","left",37,6
309,"M3","left",37,6
309,"M7","left",37,6
310,"M1","left",37,6
310,"M3","left",37,6
310,"M7","left",37,6
310,"M3","right",37,6
310,"M4","right",37,6
310,"M7","right",37,6
311,"M1","left",37,6
311,"M4","left",37,6
311,"M7","left",37,6
311,"M3","right",37,6
311,"M4","right",37,6
311,"M7","right",37,6
312,"M1","left",37,6
312,"M3","left",37,6
312,"M7","left",37,6
312,"M3","right",37,6
312,"M7","right",37,6
313,"M1","left",37,6
313,"M7","left",37,6
314,"M2","left",37,6
314,"M3","right",37,6
315,"M7","right",37,6
316,"M3","right",37,6
316,"M7","right",37,6
317,"M2","left",37,6
317,"M3","right",37,6
318,"M2","left",37,6
319,"M3","right",37,6
321,"M2","right",37,6
326,"M11","left",37,6
327,"M11","left",37,6
328,"M11","left",37,6
332,"M11","right",37,6
333,"M11","left",37,6
333,"M11","right",37,6
335,"M11","right",37,6
336,"M11","right",37,6
337,"M11","left",37,6
341,"M11","right",37,6
342,"M4","left",37,6
342,"M9","right",37,6
342,"M11","right",37,6
344,"M4","right",37,6
345,"M11","right",37,6
346,"M4","left",37,6
346,"M4","right",37,6
346,"M11","right",37,6
347,"M4","right",37,6
347,"M11","right",37,6
348,"M11","right",37,6
349,"M3","right",37,6
349,"M4","right",37,6
350,"M4","left",37,6
350,"M4","right",37,6
350,"M11","right",37,6
351,"M4","right",37,6
351,"M11","right",37,6
352,"M3","right",37,6
352,"M4","right",37,6
352,"M11","right",37,6
353,"M11","right",37,6
354,"M3","right",37,6
354,"M4","right",37,6
354,"M11","right",37,6
355,"M3","right",37,6
355,"M4","right",37,6
355,"M11","right",37,6
356,"M3","right",37,6
356,"M4","right",37,6
356,"M11","right",37,6
357,"M3","right",37,6
357,"M4","right",37,6
357,"M11","right",37,6
358,"M3","right",37,6
358,"M4","right",37,6
358,"M11","right",37,6
359,"M3","left",37,6
359,"M3","right",37,6
359,"M4","right",37,6
359,"M11","right",37,6
360,"M11","right",37,6
361,"M4","right",37,6
361,"M11","right",37,6
362,"M3","right",37,6
362,"M4","right",37,6
362,"M11","right",37,6
363,"M4","right",37,6
363,"M11","right",37,6
364,"M2","left",37,6
364,"M2","right",37,6
364,"M4","right",37,6
365,"M2","right",37,6
366,"M2","left",37,6
366,"M2","right",37,6
367,"M2","right",37,6
373,"M2","right",37,6
374,"M2","right",37,6
379,"M2","right",37,6
380,"M2","right",37,6
381,"M2","right",37,6
382,"M2","right",37,6
383,"M2","right",37,6
384,"M2","right",37,6
389,"M2","left",37,6
393,"M2","right",37,6
394,"M2","right",37,6
395,"M2","right",37,6
396,"M2","right",37,6
397,"M2","right",37,6
398,"M2","right",37,6
400,"M8","left",37,6
400,"M10","right",37,6
400,"M12","right",37,6
401,"M8","left",37,6
401,"M12","right",37,6
402,"M2","right",37,6
403,"M8","left",37,6
403,"M10","left",37,6
404,"M8","left",37,6
404,"M2","right",37,6
404,"M6","right",37,6
407,"M8","left",37,6
407,"M6","right",37,6
407,"M9","right",37,6
408,"M8","left",37,6
408,"M10","left",37,6
408,"M2","right",37,6
408,"M9","right",37,6
409,"M8","left",37,6
409,"M10","left",37,6
410,"M8","left",37,6
410,"M10","left",37,6
411,"M8","left",37,6
412,"M8","left",37,6
412,"M10","left",37,6
413,"M8","left",37,6
414,"M7","left",37,6
414,"M6","right",37,6
415,"M7","left",37,6
415,"M12","left",37,6
415,"M1","right",37,6
416,"M7","left",37,6
416,"M10","left",37,6
416,"M12","left",37,6
417,"M7","left",37,6
417,"M10","left",37,6
417,"M12","left",37,6
418,"M7","left",37,6
418,"M10","left",37,6
418,"M12","left",37,6
419,"M7","left",37,6
419,"M10","left",37,6
419,"M12","left",37,6
419,"M7","right",37,6
420,"M12","left",37,6
421,"M7","left",37,6
421,"M8","left",37,6
421,"M9","left",37,6
422,"M7","left",37,6
422,"M8","left",37,6
422,"M9","left",37,6
422,"M12","left",37,6
422,"M8","right",37,6
422,"M9","right",37,6
423,"M8","left",37,6
423,"M9","left",37,6
423,"M12","left",37,6
424,"M8","left",37,6
424,"M9","left",37,6
424,"M9","right",37,6
425,"M8","left",37,6
425,"M10","left",37,6
425,"M12","left",37,6
425,"M6","right",37,6
425,"M12","right",37,6
426,"M8","left",37,6
426,"M10","left",37,6
426,"M12","left",37,6
426,"M6","right",37,6
427,"M9","left",37,6
427,"M10","left",37,6
427,"M12","left",37,6
428,"M10","left",37,6
429,"M7","left",37,6
429,"M12","left",37,6
431,"M7","left",37,6
431,"M8","left",37,6
431,"M10","left",37,6
431,"M12","left",37,6
432,"M3","left",37,6
432,"M7","left",37,6
432,"M3","right",37,6
433,"M3","left",37,6
433,"M7","right",37,6
433,"M9","right",37,6
434,"M3","left",37,6
434,"M8","left",37,6
434,"M7","right",37,6
434,"M12","right",37,6
435,"M8","left",37,6
436,"M8","right",37,6
436,"M9","right",37,6
437,"M8","right",37,6
439,"M3","right",37,6
440,"M12","left",37,6
440,"M8","right",37,6
442,"M12","left",37,6
442,"M3","right",37,6
443,"M3","right",37,6
444,"M3","right",37,6
445,"M3","right",37,6
446,"M3","right",37,6
446,"M12","right",37,6
447,"M3","right",37,6
447,"M8","right",37,6
447,"M12","right",37,6
448,"M8","left",37,6
448,"M9","left",37,6
448,"M8","right",37,6
449,"M8","right",37,6
449,"M12","right",37,6
450,"M7","right",37,6
450,"M8","right",37,6
450,"M12","right",37,6
451,"M5","left",37,6
451,"M12","left",37,6
451,"M7","right",37,6
451,"M8","right",37,6
451,"M9","right",37,6
452,"M7","right",37,6
452,"M9","right",37,6
452,"M12","right",37,6
453,"M1","right",37,6
453,"M7","right",37,6
453,"M8","right",37,6
454,"M1","right",37,6
454,"M5","right",37,6
454,"M8","right",37,6
455,"M1","left",37,6
455,"M9","left",37,6
455,"M12","left",37,6
455,"M5","right",37,6
455,"M7","right",37,6
456,"M1","left",37,6
456,"M9","left",37,6
456,"M5","right",37,6
456,"M7","right",37,6
456,"M12","right",37,6
457,"M1","left",37,6
457,"M10","left",37,6
457,"M12","left",37,6
457,"M4","right",37,6
457,"M5","right",37,6
458,"M5","left",37,6
458,"M12","left",37,6
458,"M4","right",37,6
458,"M5","right",37,6
459,"M5","left",37,6
459,"M12","left",37,6
459,"M4","right",37,6
459,"M5","right",37,6
459,"M12","right",37,6
460,"M4","right",37,6
460,"M8","right",37,6
461,"M4","right",37,6
461,"M9","right",37,6
462,"M2","left",37,6
462,"M4","right",37,6
463,"M2","left",37,6
464,"M2","left",37,6
466,"M4","right",37,6
467,"M2","left",37,6
468,"M2","left",37,6
469,"M2","left",37,6
469,"M2","right",37,6
470,"M2","right",37,6
471,"M4","left",37,6
472,"M4","left",37,6
473,"M2","left",37,6
473,"M2","right",37,6
475,"M2","left",37,6
476,"M2","left",37,6
478,"M2","left",37,6
479,"M2","left",37,6
480,"M2","left",37,6
480,"M2","right",37,6
481,"M2","left",37,6
481,"M2","right",37,6
482,"M2","right",37,6
487,"M2","right",37,6
501,"M8","right",37,6
502,"M8","right",37,6
503,"M8","right",37,6
504,"M8","right",37,6
505,"M4","right",37,6
506,"M4","left",37,6
506,"M4","right",37,6
507,"M6","left",37,6
507,"M4","right",37,6
507,"M6","right",37,6
508,"M4","right",37,6
508,"M6","right",37,6
509,"M4","right",37,6
509,"M6","right",37,6
510,"M6","right",37,6
510,"M8","right",37,6
511,"M6","right",37,6
511,"M8","right",37,6
512,"M4","left",37,6
512,"M6","right",37,6
512,"M8","right",37,6
513,"M4","left",37,6
513,"M6","right",37,6
513,"M8","right",37,6
514,"M4","right",37,6
514,"M6","right",37,6
514,"M7","right",37,6
514,"M8","right",37,6
515,"M7","left",37,6
515,"M9","left",37,6
515,"M4","right",37,6
515,"M6","right",37,6
515,"M7","right",37,6
516,"M7","left",37,6
516,"M3","right",37,6
516,"M6","right",37,6
516,"M7","right",37,6
516,"M8","right",37,6
517,"M3","right",37,6
517,"M6","right",37,6
517,"M7","right",37,6
517,"M8","right",37,6
518,"M3","right",37,6
518,"M6","right",37,6
518,"M7","right",37,6
518,"M8","right",37,6
519,"M4","left",37,6
519,"M6","right",37,6
519,"M7","right",37,6
519,"M8","right",37,6
520,"M6","right",37,6
521,"M4","right",37,6
522,"M3","left",37,6
522,"M4","right",37,6
524,"M4","left",37,6
524,"M2","right",37,6
527,"M4","right",37,6
528,"M3","left",37,6
528,"M4","left",37,6
530,"M2","right",37,6
536,"M2","left",37,6
537,"M2","left",37,6
537,"M2","right",37,6
538,"M2","left",37,6
540,"M2","left",37,6
542,"M2","right",37,6
544,"M5","right",37,6
548,"M2","left",37,6
550,"M2","right",37,6
551,"M2","right",37,6
552,"M2","right",37,6
553,"M2","left",37,6
553,"M3","right",37,6
554,"M3","right",37,6
555,"M3","right",37,6
556,"M3","right",37,6
557,"M3","right",37,6
558,"M3","right",37,6
559,"M2","right",37,6
560,"M3","right",37,6
561,"M2","right",37,6
562,"M2","right",37,6
568,"M2","left",37,6
569,"M2","left",37,6
570,"M2","left",37,6
571,"M2","left",37,6
571,"M2","right",37,6
576,"M2","right",37,6
577,"M2","right",37,6
585,"M7","right",37,6
587,"M7","right",37,6
588,"M7","left",37,6
589,"M1","left",37,6
589,"M7","left",37,6
589,"M1","right",37,6
590,"M1","left",37,6
594,"M1","left",37,6
595,"M1","left",37,6
596,"M1","left",37,6
597,"M1","left",37,6
598,"M1","left",37,6
599,"M1","left",37,6
599,"M1","right",37,6
601,"M1","left",37,6
602,"M1","left",37,6
603,"M1","left",37,6
604,"M1","left",37,6
605,"M1","left",37,6
606,"M1","left",37,6
608,"M9","right",37,6
610,"M9","left",37,6
611,"M9","left",37,6
613,"M2","left",37,6
615,"M2","left",37,6
616,"M2","right",37,6
617,"M2","right",37,6
618,"M2","left",37,6
619,"M2","left",37,6
620,"M2","left",37,6
624,"M2","right",37,6
625,"M2","left",37,6
626,"M9","right",37,6
627,"M2","right",37,6
628,"M2","left",37,6
629,"M2","left",37,6
630,"M2","left",37,6
631,"M2","left",37,6
634,"M2","left",37,6
644,"M2","left",37,6
645,"M2","left",37,6
645,"M2","right",37,6
646,"M2","left",37,6
655,"M2","left",37,6
657,"M2","right",37,6
658,"M2","left",37,6
663,"M4","right",37,6
664,"M4","right",37,6
665,"M4","left",37,6
667,"M4","right",37,6
668,"M4","right",37,6
669,"M4","right",37,6
670,"M4","right",37,6
670,"M9","right",37,6
672,"M9","right",37,6
674,"M9","right",37,6
675,"M9","right",37,6
676,"M4","left",37,6
677,"M4","right",37,6
677,"M9","right",37,6
678,"M9","right",37,6
680,"M4","right",37,6
683,"M4","left",37,6
684,"M4","left",37,6
685,"M4","left",37,6
688,"M4","right",37,6
688,"M9","right",37,6
690,"M4","left",37,6
690,"M2","right",37,6
690,"M9","right",37,6
691,"M9","right",37,6
692,"M9","right",37,6
693,"M9","right",37,6
694,"M9","right",37,6
697,"M4","right",37,6
699,"M4","left",37,6
700,"M4","left",37,6
700,"M9","left",37,6
701,"M9","left",37,6
702,"M9","left",37,6
702,"M9","right",37,6
703,"M9","right",37,6
706,"M9","right",37,6
722,"M9","right",37,6
723,"M9","right",37,6
724,"M9","right",37,6
725,"M9","right",37,6
727,"M9","left",37,6
728,"M9","left",37,6
728,"M9","right",37,6
729,"M9","left",37,6
729,"M9","right",37,6
730,"M9","right",37,6
731,"M9","right",37,6
733,"M9","right",37,6
750,"M9","right",37,6
751,"M9","right",37,6
752,"M9","right",37,6
753,"M9","right",37,6
755,"M9","right",37,6
756,"M9","right",37,6
759,"M9","left",37,6
777,"M9","right",37,6
778,"M9","right",37,6
779,"M9","right",37,6
780,"M9","right",37,6
781,"M9","right",37,6
782,"M9","right",37,6
787,"M2","right",37,6
793,"M1","right",37,6
794,"M1","right",37,6
795,"M1","right",37,6
796,"M1","right",37,6
797,"M1","right",37,6
797,"M10","right",37,6
798,"M1","left",37,6
798,"M1","right",37,6
798,"M10","right",37,6
799,"M2","right",37,6
800,"M2","right",37,6
801,"M2","right",37,6
802,"M2","right",37,6
802,"M10","right",37,6
803,"M2","left",37,6
803,"M2","right",37,6
803,"M10","right",37,6
804,"M2","right",37,6
805,"M2","right",37,6
806,"M2","right",37,6
807,"M2","right",37,6
809,"M2","right",37,6
810,"M2","right",37,6
811,"M10","left",37,6
811,"M2","right",37,6
812,"M3","right",37,6
813,"M3","right",37,6
814,"M3","right",37,6
815,"M3","right",37,6
815,"M10","right",37,6
816,"M3","right",37,6
816,"M10","right",37,6
817,"M3","right",37,6
822,"M2","right",37,6
823,"M2","right",37,6
825,"M10","right",37,6
826,"M10","right",37,6
827,"M10","right",37,6
828,"M2","right",37,6
829,"M2","right",37,6
830,"M2","right",37,6
831,"M2","right",37,6
832,"M2","right",37,6
834,"M2","right",37,6
839,"M4","right",37,6
840,"M4","right",37,6
843,"M4","left",37,6
843,"M2","right",37,6
844,"M4","left",37,6
854,"M11","right",37,6
855,"M11","right",37,6
856,"M11","right",37,6
856,"M12","right",37,6
857,"M12","left",37,6
857,"M11","right",37,6
858,"M12","left",37,6
858,"M11","right",37,6
858,"M12","right",37,6
859,"M12","left",37,6
859,"M11","right",37,6
859,"M12","right",37,6
860,"M12","left",37,6
860,"M11","right",37,6
860,"M12","right",37,6
861,"M11","right",37,6
861,"M12","right",37,6
862,"M12","left",37,6
862,"M12","right",37,6
863,"M12","left",37,6
863,"M12","right",37,6
864,"M11","left",37,6
864,"M12","right",37,6
865,"M11","left",37,6
865,"M12","left",37,6
865,"M7","right",37,6
865,"M11","right",37,6
866,"M7","left",37,6
866,"M12","left",37,6
866,"M11","right",37,6
867,"M7","left",37,6
867,"M12","left",37,6
867,"M11","right",37,6
868,"M7","left",37,6
868,"M12","left",37,6
868,"M11","right",37,6
869,"M7","left",37,6
869,"M12","left",37,6
869,"M11","right",37,6
870,"M12","left",37,6
870,"M5","right",37,6
870,"M11","right",37,6
870,"M12","right",37,6
871,"M7","left",37,6
871,"M12","left",37,6
871,"M5","right",37,6
871,"M11","right",37,6
872,"M5","left",37,6
872,"M7","left",37,6
872,"M12","left",37,6
872,"M7","right",37,6
872,"M11","right",37,6
873,"M5","left",37,6
873,"M7","left",37,6
873,"M12","left",37,6
873,"M5","right",37,6
873,"M11","right",37,6
873,"M12","right",37,6
874,"M5","left",37,6
874,"M12","left",37,6
874,"M7","right",37,6
874,"M11","right",37,6
874,"M12","right",37,6
875,"M5","right",37,6
875,"M11","right",37,6
875,"M12","right",37,6
876,"M7","left",37,6
876,"M12","left",37,6
876,"M1","right",37,6
876,"M5","right",37,6
876,"M7","right",37,6
876,"M11","right",37,6
876,"M12","right",37,6
877,"M1","right",37,6
877,"M5","right",37,6
877,"M7","right",37,6
877,"M11","right",37,6
877,"M12","right",37,6
878,"M1","right",37,6
878,"M5","right",37,6
878,"M7","right",37,6
878,"M11","right",37,6
878,"M12","right",37,6
879,"M1","right",37,6
879,"M5","right",37,6
879,"M7","right",37,6
879,"M11","right",37,6
879,"M12","right",37,6
880,"M12","left",37,6
880,"M1","right",37,6
880,"M5","right",37,6
880,"M7","right",37,6
880,"M11","right",37,6
880,"M12","right",37,6
881,"M12","left",37,6
881,"M1","right",37,6
881,"M5","right",37,6
881,"M7","right",37,6
881,"M11","right",37,6
882,"M12","left",37,6
882,"M1","right",37,6
882,"M5","right",37,6
882,"M7","right",37,6
882,"M10","right",37,6
882,"M11","right",37,6
883,"M12","left",37,6
883,"M1","right",37,6
883,"M5","right",37,6
883,"M7","right",37,6
883,"M10","right",37,6
883,"M12","right",37,6
884,"M1","right",37,6
884,"M5","right",37,6
884,"M7","right",37,6
884,"M10","right",37,6
884,"M11","right",37,6
884,"M12","right",37,6
885,"M1","right",37,6
885,"M5","right",37,6
885,"M7","right",37,6
885,"M10","right",37,6
885,"M11","right",37,6
885,"M12","right",37,6
886,"M1","right",37,6
886,"M5","right",37,6
886,"M7","right",37,6
886,"M10","right",37,6
886,"M11","right",37,6
886,"M12","right",37,6
887,"M5","right",37,6
887,"M10","right",37,6
887,"M12","right",37,6
888,"M5","right",37,6
888,"M10","right",37,6
888,"M12","right",37,6
889,"M5","right",37,6
889,"M10","right",37,6
889,"M12","right",37,6
890,"M5","right",37,6
890,"M10","right",37,6
890,"M12","right",37,6
891,"M5","right",37,6
891,"M10","right",37,6
891,"M12","right",37,6
892,"M1","right",37,6
892,"M5","right",37,6
892,"M10","right",37,6
892,"M12","right",37,6
893,"M1","right",37,6
893,"M5","right",37,6
893,"M10","right",37,6
893,"M12","right",37,6
894,"M1","right",37,6
894,"M5","right",37,6
894,"M10","right",37,6
894,"M12","right",37,6
895,"M1","right",37,6
895,"M5","right",37,6
895,"M10","right",37,6
895,"M12","right",37,6
896,"M1","right",37,6
896,"M5","right",37,6
896,"M10","right",37,6
897,"M1","right",37,6
897,"M5","right",37,6
897,"M7","right",37,6
897,"M10","right",37,6
898,"M1","left",37,6
898,"M5","right",37,6
898,"M7","right",37,6
898,"M10","right",37,6
899,"M1","left",37,6
899,"M5","right",37,6
899,"M10","right",37,6
900,"M5","right",37,6
900,"M7","right",37,6
900,"M10","right",37,6
900,"M11","right",37,6
901,"M5","right",37,6
901,"M7","right",37,6
901,"M10","right",37,6
901,"M11","right",37,6
902,"M5","right",37,6
902,"M7","right",37,6
902,"M10","right",37,6
902,"M11","right",37,6
903,"M5","right",37,6
903,"M7","right",37,6
903,"M10","right",37,6
903,"M11","right",37,6
904,"M5","right",37,6
904,"M7","right",37,6
904,"M10","right",37,6
904,"M11","right",37,6
905,"M5","right",37,6
905,"M7","right",37,6
905,"M10","right",37,6
905,"M11","right",37,6
906,"M5","right",37,6
906,"M7","right",37,6
907,"M4","right",37,6
907,"M5","right",37,6
907,"M10","right",37,6
907,"M11","right",37,6
908,"M4","right",37,6
909,"M4","right",37,6
910,"M4","right",37,6
911,"M4","right",37,6
912,"M4","right",37,6
913,"M2","right",37,6
913,"M4","right",37,6
914,"M2","right",37,6
916,"M2","right",37,6
917,"M2","right",37,6
919,"M2","right",37,6
920,"M2","right",37,6
921,"M2","right",37,6
922,"M2","right",37,6
923,"M2","right",37,6
927,"M3","right",37,6
928,"M3","right",37,6
928,"M8","right",37,6
929,"M3","right",37,6
929,"M8","right",37,6
930,"M3","right",37,6
930,"M8","right",37,6
931,"M3","right",37,6
932,"M3","right",37,6
932,"M8","right",37,6
933,"M3","right",37,6
933,"M8","right",37,6
934,"M3","right",37,6
935,"M3","right",37,6
936,"M3","right",37,6
937,"M8","left",37,6
937,"M3","right",37,6
937,"M8","right",37,6
938,"M3","right",37,6
938,"M8","right",37,6
939,"M3","right",37,6
939,"M8","right",37,6
940,"M3","right",37,6
940,"M8","right",37,6
941,"M3","right",37,6
941,"M8","right",37,6
942,"M3","right",37,6
942,"M8","right",37,6
943,"M3","right",37,6
943,"M8","right",37,6
944,"M3","right",37,6
945,"M3","right",37,6
946,"M3","right",37,6
947,"M3","right",37,6
948,"M3","right",37,6
948,"M8","right",37,6
949,"M8","right",37,6
950,"M8","right",37,6
951,"M8","right",37,6
952,"M8","right",37,6
953,"M8","right",37,6
954,"M8","right",37,6
955,"M8","right",37,6
960,"M6","right",37,6
961,"M6","right",37,6
962,"M6","left",37,6
962,"M6","right",37,6
963,"M6","right",37,6
964,"M6","right",37,6
966,"M6","right",37,6
967,"M6","right",37,6
969,"M6","left",37,6
973,"M6","right",37,6
974,"M6","right",37,6
975,"M6","right",37,6
975,"M9","right",37,6
976,"M6","right",37,6
976,"M9","right",37,6
977,"M6","right",37,6
978,"M6","right",37,6
979,"M6","right",37,6
980,"M6","right",37,6
981,"M6","right",37,6
982,"M6","right",37,6
983,"M6","right",37,6
993,"M9","right",37,6
994,"M9","right",37,6
995,"M9","right",37,6
997,"M9","right",37,6
998,"M9","right",37,6
999,"M9","right",37,6
1000,"M9","right",37,6
1016,"M9","right",37,6
1018,"M9","right",37,6
1037,"M9","right",37,6
1039,"M9","left",37,6
1040,"M9","left",37,6
1040,"M9","right",37,6
1041,"M9","right",37,6
1042,"M9","right",37,6
1043,"M9","right",37,6
1044,"M9","right",37,6
1045,"M9","right",37,6
1064,"M9","right",37,6
1066,"M9","right",37,6
1067,"M9","right",37,6
1090,"M2","left",37,6
1093,"M1","right",37,6
1094,"M1","right",37,6
1095,"M1","right",37,6
1096,"M1","right",37,6
1111,"M1","right",37,6
1118,"M2","right",37,6
1120,"M2","right",37,6
1135,"M4","right",37,6
1140,"M4","right",37,6
1141,"M4","right",37,6
1142,"M4","left",37,6
1143,"M4","left",37,6
1143,"M4","right",37,6
1144,"M4","right",37,6
1145,"M4","right",37,6
1146,"M4","right",37,6
1147,"M4","right",37,6
1148,"M4","right",37,6
1151,"M4","right",37,6
1152,"M4","right",37,6
1153,"M4","right",37,6
1154,"M4","right",37,6
1155,"M4","right",37,6
1158,"M5","left",37,6
1158,"M5","right",37,6
1159,"M5","left",37,6
1160,"M5","right",37,6
1161,"M5","right",37,6
1162,"M5","right",37,6
1163,"M5","right",37,6
1164,"M5","right",37,6
1165,"M5","right",37,6
1166,"M5","right",37,6
1167,"M5","right",37,6
1168,"M5","right",37,6
1169,"M5","right",37,6
1170,"M5","right",37,6
1171,"M5","right",37,6
1172,"M5","right",37,6
1173,"M5","right",37,6
1174,"M5","right",37,6
1174,"M7","right",37,6
1175,"M5","right",37,6
1175,"M7","right",37,6
1176,"M5","right",37,6
1177,"M5","right",37,6
1177,"M7","right",37,6
1178,"M5","right",37,6
1178,"M7","right",37,6
1179,"M7","right",37,6
1185,"M7","left",37,6
1185,"M7","right",37,6
1186,"M7","right",37,6
1187,"M7","right",37,6
1188,"M7","right",37,6
1192,"M7","right",37,6
1194,"M7","left",37,6
1195,"M7","left",37,6
1195,"M7","right",37,6
1196,"M7","right",37,6
1197,"M7","left",37,6
1198,"M7","left",37,6
1198,"M7","right",37,6
1199,"M7","right",37,6
1199,"M8","right",37,6
1200,"M7","right",37,6
1201,"M7","right",37,6
1202,"M7","right",37,6
1202,"M8","right",37,6
1203,"M7","right",37,6
1203,"M8","right",37,6
1204,"M7","right",37,6
1205,"M8","right",37,6
1206,"M8","right",37,6
1210,"M8","right",37,6
1212,"M6","right",37,6
1213,"M8","left",37,6
1215,"M8","right",37,6
1216,"M8","right",37,6
1222,"M8","right",37,6
1223,"M8","right",37,6
1224,"M8","right",37,6
1225,"M8","right",37,6
1227,"M8","left",37,6
1228,"M8","left",37,6
1229,"M8","left",37,6
1230,"M1","right",37,6
1230,"M8","right",37,6
1231,"M1","right",37,6
1232,"M1","right",37,6
1233,"M1","right",37,6
1234,"M1","right",37,6
1235,"M1","right",37,6
1235,"M8","right",37,6
1236,"M8","right",37,6
1239,"M3","right",37,6
1240,"M3","right",37,6
1241,"M3","right",37,6
1242,"M2","left",37,6
1242,"M3","right",37,6
1243,"M1","right",37,6
1243,"M3","right",37,6
1243,"M8","right",37,6
1245,"M2","right",37,6
1248,"M2","right",37,6
1249,"M2","right",37,6
1253,"M2","right",37,6
1254,"M2","right",37,6
1255,"M2","right",37,6
1256,"M2","right",37,6
1257,"M2","right",37,6
1258,"M2","right",37,6
1280,"M6","right",37,6
1281,"M6","left",37,6
1281,"M10","right",37,6
1282,"M6","left",37,6
1282,"M10","left",37,6
1283,"M6","left",37,6
1283,"M10","left",37,6
1284,"M4","left",37,6
1284,"M6","left",37,6
1285,"M4","left",37,6
1285,"M6","left",37,6
1285,"M4","right",37,6
1285,"M11","right",37,6
1286,"M4","left",37,6
1286,"M6","left",37,6
1286,"M10","left",37,6
1286,"M4","right",37,6
1286,"M11","right",37,6
1287,"M6","left",37,6
1287,"M10","left",37,6
1287,"M11","left",37,6
1287,"M12","left",37,6
1287,"M4","right",37,6
1287,"M11","right",37,6
1288,"M6","left",37,6
1288,"M10","left",37,6
1288,"M11","left",37,6
1288,"M12","left",37,6
1288,"M4","right",37,6
1288,"M11","right",37,6
1288,"M12","right",37,6
1289,"M4","left",37,6
1289,"M6","left",37,6
1289,"M10","left",37,6
1289,"M12","left",37,6
1289,"M6","right",37,6
1289,"M11","right",37,6
1289,"M12","right",37,6
1290,"M4","left",37,6
1290,"M6","left",37,6
1290,"M10","left",37,6
1290,"M12","left",37,6
1290,"M11","right",37,6
1291,"M4","left",37,6
1291,"M6","left",37,6
1291,"M10","left",37,6
1291,"M12","left",37,6
1291,"M11","right",37,6
1292,"M4","left",37,6
1292,"M6","left",37,6
1292,"M11","right",37,6
1292,"M12","right",37,6
1293,"M4","left",37,6
1293,"M6","left",37,6
1293,"M12","left",37,6
1293,"M11","right",37,6
1293,"M12","right",37,6
1294,"M6","left",37,6
1294,"M12","left",37,6
1294,"M11","right",37,6
1295,"M6","left",37,6
1295,"M12","left",37,6
1296,"M6","left",37,6
1296,"M12","left",37,6
1297,"M6","left",37,6
1297,"M10","left",37,6
1297,"M12","left",37,6
1298,"M4","left",37,6
1298,"M6","left",37,6
1298,"M12","left",37,6
1299,"M4","left",37,6
1299,"M6","left",37,6
1299,"M11","left",37,6
1299,"M12","left",37,6
1299,"M4","right",37,6
1299,"M12","right",37,6
1300,"M4","left",37,6
1300,"M10","left",37,6
1300,"M11","left",37,6
1300,"M12","left",37,6
1301,"M6","left",37,6
1301,"M10","left",37,6
1301,"M11","left",37,6
1301,"M12","left",37,6
1302,"M6","left",37,6
1302,"M10","left",37,6
1302,"M11","left",37,6
1302,"M12","left",37,6
1302,"M12","right",37,6
1303,"M4","left",37,6
1303,"M11","left",37,6
1303,"M12","left",37,6
1304,"M4","left",37,6
1304,"M6","left",37,6
1305,"M4","left",37,6
1305,"M11","left",37,6
1306,"M4","left",37,6
1308,"M10","left",37,6
1309,"M10","left",37,6
1310,"M10","left",37,6
1311,"M10","left",37,6
1312,"M10","left",37,6
1313,"M10","left",37,6
1313,"M11","right",37,6
1314,"M10","left",37,6
1315,"M2","right",37,6
1316,"M2","left",37,6
1317,"M2","left",37,6
1318,"M2","left",37,6
1320,"M2","left",37,6
1325,"M7","left",37,6
1325,"M7","right",37,6
1326,"M7","left",37,6
1327,"M7","left",37,6
1327,"M3","right",37,6
1328,"M7","left",37,6
1328,"M3","right",37,6
1329,"M7","left",37,6
1329,"M3","right",37,6
1330,"M7","left",37,6
1330,"M3","right",37,6
1330,"M7","right",37,6
1331,"M7","left",37,6
1331,"M3","right",37,6
1331,"M7","right",37,6
1332,"M3","left",37,6
1332,"M7","left",37,6
1332,"M3","right",37,6
1333,"M7","left",37,6
1333,"M3","right",37,6
1334,"M1","right",37,6
1334,"M3","right",37,6
1334,"M7","right",37,6
1335,"M1","right",37,6
1335,"M8","right",37,6
1336,"M1","left",37,6
1336,"M8","right",37,6
1337,"M1","left",37,6
1337,"M8","left",37,6
1338,"M1","left",37,6
1338,"M8","left",37,6
1339,"M1","left",37,6
1339,"M8","left",37,6
1339,"M1","right",37,6
1340,"M8","left",37,6
1341,"M8","left",37,6
1341,"M3","right",37,6
1342,"M3","right",37,6
1343,"M3","right",37,6
1343,"M9","right",37,6
1344,"M7","left",37,6
1344,"M3","right",37,6
1344,"M9","right",37,6
1345,"M1","left",37,6
1345,"M7","left",37,6
1345,"M3","right",37,6
1345,"M4","right",37,6
1345,"M9","right",37,6
1346,"M9","left",37,6
1346,"M3","right",37,6
1352,"M2","left",37,6
1353,"M2","right",37,6
1354,"M2","right",37,6
1355,"M2","right",37,6
1356,"M2","right",37,6
1357,"M2","right",37,6
1359,"M2","left",37,6
1359,"M1","right",37,6
1365,"M2","right",37,6
1366,"M2","right",37,6
1367,"M2","right",37,6
1371,"M2","right",37,6
1374,"M2","left",37,6
1375,"M2","right",37,6
1376,"M7","left",37,6
1376,"M7","right",37,6
1377,"M7","left",37,6
1380,"M2","right",37,6
1384,"M11","left",37,6
1385,"M11","left",37,6
1386,"M11","left",37,6
1387,"M2","left",37,6
1387,"M2","right",37,6
1388,"M2","left",37,6
1393,"M2","left",37,6
1394,"M2","left",37,6
1397,"M2","right",37,6
1417,"M5","left",37,6
1419,"M5","right",37,6
1420,"M5","left",37,6
1421,"M5","left",37,6
1422,"M5","left",37,6
1422,"M5","right",37,6
1423,"M5","right",37,6
1424,"M5","right",37,6
1425,"M5","right",37,6
1426,"M5","right",37,6
1427,"M5","right",37,6
1428,"M1","right",37,6
1428,"M5","right",37,6
1429,"M1","left",37,6
1430,"M1","left",37,6
1431,"M1","left",37,6
1432,"M1","left",37,6
1432,"M1","right",37,6
1440,"M3","right",37,6
